company_name,Industry,Ares Capital Corporation,FS KKR Capital Corp,Main Street Capital Corporation,New Mountain Finance Corporation,Oaktree Specialty Lending Corporation,Prospect Capital Corporation,Total,Holder_Count
Zendesk Inc,Unknown,0.0,9416.2,0.0,0.0,0.0,0.0,9416.2,1
Net Senior Secured Loans—First Lien,Unknown,0.0,8529.1,0.0,0.0,0.0,0.0,8529.1,1
National Property REIT Corp.,Unknown,0.0,0.0,0.0,0.0,0.0,7011.043,7011.043,1
"ZocDoc, Inc.",Healthcare Services,6618.7,0.0,0.0,0.0,0.0,0.0,6618.7,1
"Weber-Stephen Products LLC, Revolver",Unknown,0.0,4771.2,0.0,0.0,0.0,0.0,4771.2,1
Net Asset Based Finance,Unknown,0.0,4179.0,0.0,0.0,0.0,0.0,4179.0,1
"Credit Opportunities Partners JV, LLC",Unknown,0.0,4123.5,0.0,0.0,0.0,0.0,4123.5,1
First Tower Finance Company LLC,Unknown,0.0,0.0,0.0,0.0,0.0,3331.274,3331.274,1
Wellington-Altus Financial Inc. (15),Financial Services,2649.6,0.0,0.0,0.0,0.0,0.0,2649.6,1
Software,Unknown,0.0,0.0,0.0,2107.892,0.0,0.0,2107.892,1
"InterDent, Inc.",Unknown,0.0,0.0,0.0,0.0,0.0,2063.295,2063.295,1
"Ivy Hill Asset Management, L.P.",Financial Services,1915.3,0.0,0.0,0.0,0.0,0.0,1915.3,1
Wittur Holding GmbH,Unknown,0.0,1201.0,0.0,0.0,0.0,0.0,1201.0,1
Production Resource Group LLC,Unknown,0.0,1194.7,0.0,0.0,0.0,0.0,1194.7,1
Business Services,Unknown,0.0,0.0,0.0,1112.562,0.0,0.0,1112.562,1
Net Senior Secured Loans—Second Lien,Unknown,0.0,1089.8,0.0,0.0,0.0,0.0,1089.8,1
Healthcare,Unknown,0.0,0.0,0.0,1043.132,0.0,0.0,1043.132,1
"Town & Country Holdings, Inc.",Unknown,0.0,0.0,0.0,0.0,0.0,910.524,910.524,1
Neptune Bidco US Inc. and Elliott Metron Co-Investor Aggregator L.P.,Business Services,862.0,0.0,0.0,0.0,0.0,0.0,862.0,1
"Valley Electric Company, Inc.",Unknown,0.0,0.0,0.0,0.0,0.0,798.622,798.622,1
DRI Holding Inc.,Unknown,0.0,0.0,0.0,0.0,0.0,680.314,680.314,1
"Symplr Software Inc. and Symplr Software Intermediate Holdings, Inc.",Software/Technology,678.0,0.0,0.0,0.0,0.0,0.0,678.0,1
"Gamber-Johnson Holdings, LLC",Other,0.0,0.0,677.328,0.0,0.0,0.0,677.328,1
Kellermeyer Bergensons Services LLC,Unknown,0.0,595.8,0.0,0.0,0.0,0.0,595.8,1
"GHX Ultimate Parent Corporation, Commerce Parent, Inc. and Commerce Topco, LLC",Healthcare Services,568.8,0.0,0.0,0.0,0.0,0.0,568.8,1
"AthenaHealth Group Inc., Minerva Holdco, Inc. and BCPE Co-Invest (A), LP (15)",Healthcare Services,566.8,0.0,0.0,0.0,0.0,0.0,566.8,1
"Cornerstone OnDemand, Inc. and Sunshine Software Holdings, Inc.",Software/Technology,559.0,0.0,0.0,0.0,0.0,0.0,559.0,1
NMN Holdings III Corp. and NMN Holdings LP,Software/Technology,513.8,0.0,0.0,0.0,0.0,0.0,513.8,1
"Imperative Worldwide, LLC (f/k/a MAGNATE WORLDWIDE, LLC)",Unknown,0.0,0.0,0.0,0.0,0.0,507.002,507.002,1
"R-V Industries, Inc.",Unknown,0.0,0.0,0.0,0.0,0.0,497.466,497.466,1
"Cloud Software Group, Inc., Picard Parent, Inc., Cloud Software Group Holdings, Inc., Picard HoldCo, LLC and Elliott Alto Co-Investor Aggregator L.P.",Software/Technology,493.0,0.0,0.0,0.0,0.0,0.0,493.0,1
Pacific World Corporation,Unknown,0.0,0.0,0.0,0.0,0.0,491.012,491.012,1
"athenahealth Inc, Preferred Stock",Unknown,0.0,483.8,0.0,0.0,0.0,0.0,483.8,1
"Roemanu LLC (FKA Toorak Capital Partners LLC), ABF Equity",Unknown,0.0,479.9,0.0,0.0,0.0,0.0,479.9,1
"Centralsquare Technologies, LLC and Supermoose Newco, Inc.",Software/Technology,469.0,0.0,0.0,0.0,0.0,0.0,469.0,1
Kaseya Inc. and Knockout Intermediate Holdings I Inc.,Software/Technology,463.2,0.0,0.0,0.0,0.0,0.0,463.2,1
Clarience Technologies LLC,Unknown,0.0,455.0,0.0,0.0,0.0,0.0,455.0,1
Medallia Inc,Unknown,0.0,437.0,0.0,0.0,0.0,0.0,437.0,1
"Global Jet Capital LLC, Preferred Stock",Unknown,0.0,431.6,0.0,0.0,0.0,0.0,431.6,1
"MITY, Inc.",Unknown,0.0,0.0,0.0,0.0,0.0,428.18,428.18,1
"NMMB, Inc.",Unknown,0.0,0.0,0.0,0.0,0.0,427.124,427.124,1
"MSC Adviser I, LLC",Financial Services,0.0,0.0,420.063,0.0,0.0,0.0,420.063,1
CP Energy Services Inc.,Unknown,0.0,0.0,0.0,0.0,0.0,413.651,413.651,1
MB2 Dental Solutions LLC,Unknown,0.0,410.6,0.0,0.0,0.0,0.0,410.6,1
RSC Insurance Brokerage Inc,Unknown,0.0,408.4,0.0,0.0,0.0,0.0,408.4,1
"Eclipse Topco, Inc., Eclipse Investor Parent, L.P. and Eclipse Buyer, Inc.",Financial Services,402.8,0.0,0.0,0.0,0.0,0.0,402.8,1
"GraphPAD Software, LLC, Insightful Science Intermediate I, LLC and Insightful Science Holdings, LLC",Software/Technology,397.6,0.0,0.0,0.0,0.0,0.0,397.6,1
"Mimecast Borrowerco, Inc. and Magnesium Co- Invest SCSp",Software/Technology,395.0,0.0,0.0,0.0,0.0,0.0,395.0,1
"PeopleConnect Holdings, Inc",Unknown,0.0,0.0,0.0,0.0,0.0,391.34,391.34,1
"BCPE North Star US Holdco 2, Inc.",Unknown,0.0,0.0,0.0,0.0,0.0,389.884,389.884,1
"Credit Central Loan Company, LLC",Unknown,0.0,0.0,0.0,0.0,0.0,389.574,389.574,1
"Universal Turbine Parts, LLC",Unknown,0.0,0.0,0.0,0.0,0.0,386.655,386.655,1
CSafe Global,Unknown,0.0,384.3,0.0,0.0,0.0,0.0,384.3,1
"Enverus Holdings, Inc. and Titan DI Preferred Holdings, Inc.",Software/Technology,381.4,0.0,0.0,0.0,0.0,0.0,381.4,1
Consumer Services,Unknown,0.0,0.0,0.0,381.249,0.0,0.0,381.249,1
"Global Medical Response, Inc. and GMR Buyer Corp.",Healthcare Services,381.0,0.0,0.0,0.0,0.0,0.0,381.0,1
"CoreLogic, Inc. and T-VIII Celestial Co-Invest LP",Software/Technology,381.0,0.0,0.0,0.0,0.0,0.0,381.0,1
"CVP Holdco, Inc. and OMERS Wildcats Investment Holdings LLC",Healthcare Services,365.8,0.0,0.0,0.0,0.0,0.0,365.8,1
"Huskies Parent, Inc., GI Insurity Parent LLC and GI Insurity TopCo LP",Software/Technology,362.8,0.0,0.0,0.0,0.0,0.0,362.8,1
"Bolder Panther Group, LLC",Consumer Products,0.0,0.0,356.795,0.0,0.0,0.0,356.795,1
Financial Services,Unknown,0.0,0.0,0.0,353.336,0.0,0.0,353.336,1
"Dcert Buyer, Inc., DCert Preferred Holdings, Inc. and Destiny Digital Holdings, L.P.",Software/Technology,348.4,0.0,0.0,0.0,0.0,0.0,348.4,1
PSKW LLC (dba ConnectiveRx),Unknown,0.0,345.1,0.0,0.0,0.0,0.0,345.1,1
Solera LLC,Unknown,0.0,335.9,0.0,0.0,0.0,0.0,335.9,1
ATX Networks Corp,Unknown,0.0,331.8,0.0,0.0,0.0,0.0,331.8,1
"Microstar Logistics LLC, Microstar Global Asset Management LLC, MStar Holding Corporation and Kegstar USA Inc.",Other,330.8,0.0,0.0,0.0,0.0,0.0,330.8,1
Insight Global LLC,Unknown,0.0,323.4,0.0,0.0,0.0,0.0,323.4,1
"Datix Bidco Limited and RL Datix Holdings (USA), Inc.",Software/Technology,320.0,0.0,0.0,0.0,0.0,0.0,320.0,1
"USG Intermediate, LLC",Unknown,0.0,0.0,0.0,0.0,0.0,317.906,317.906,1
"SI East, LLC",Industrial/Manufacturing,0.0,0.0,316.804,0.0,0.0,0.0,316.804,1
"U.S. Anesthesia Partners, Inc. & U.S. Anesthesia Partners Holdings, Inc.",Other,313.4,0.0,0.0,0.0,0.0,0.0,313.4,1
Tangoe LLC,Unknown,0.0,311.0,0.0,0.0,0.0,0.0,311.0,1
Precisely Software Incorporated,Unknown,0.0,0.0,0.0,0.0,0.0,310.398,310.398,1
"IRI Group Holdings, Inc., Circana, LLC and IRI-NPD Co-Invest Aggregator, L.P.",Business Services,307.2,0.0,0.0,0.0,0.0,0.0,307.2,1
"Broder Bros., Co.",Unknown,0.0,0.0,0.0,0.0,0.0,307.028,307.028,1
Peraton Corp,Unknown,0.0,304.5,0.0,0.0,0.0,0.0,304.5,1
"Nebraska Vet AcquireCo, LLC",Healthcare Services,0.0,0.0,300.408,0.0,0.0,0.0,300.408,1
"Aventiv Technologies, LLC",Unknown,0.0,0.0,0.0,0.0,0.0,285.772,285.772,1
Woolpert Inc,Unknown,0.0,285.2,0.0,0.0,0.0,0.0,285.2,1
Lexitas Inc,Unknown,0.0,282.6,0.0,0.0,0.0,0.0,282.6,1
"BCPE Osprey Buyer, Inc.",Unknown,0.0,0.0,0.0,0.0,0.0,279.54,279.54,1
"Senior Loan Fund JV I, LLC",Unknown,0.0,0.0,0.0,0.0,276.731,0.0,276.731,1
J S Held LLC,Unknown,0.0,275.6,0.0,0.0,0.0,0.0,275.6,1
"Interventional Management Services, LLC",Unknown,0.0,0.0,0.0,0.0,0.0,275.062,275.062,1
"Consilio Midco Limited, Compusoft US LLC, and Consilio Investment Holdings, L.P.",Software/Technology,272.4,0.0,0.0,0.0,0.0,0.0,272.4,1
"Cardinal Parent, Inc. and Packers Software Intermediate Holdings, Inc.",Software/Technology,267.6,0.0,0.0,0.0,0.0,0.0,267.6,1
"Echelon Transportation, LLC",Unknown,0.0,0.0,0.0,0.0,0.0,265.152,265.152,1
Global Tel*Link Corporation (d/b/a ViaPath Technologies.),Unknown,0.0,0.0,0.0,0.0,0.0,264.252,264.252,1
"OMi Topco, LLC",Other,0.0,0.0,261.7,0.0,0.0,0.0,261.7,1
General Datatech LP,Unknown,0.0,252.5,0.0,0.0,0.0,0.0,252.5,1
Global Tel*Link Corporation (d./b/a ViaPath Technologies),Unknown,0.0,0.0,0.0,0.0,0.0,248.348,248.348,1
Education,Unknown,0.0,0.0,0.0,248.193,0.0,0.0,248.193,1
Summit Interconnect Inc,Unknown,0.0,247.7,0.0,0.0,0.0,0.0,247.7,1
"Faraday Buyer, LLC",Unknown,0.0,0.0,0.0,0.0,0.0,246.716,246.716,1
"ShiftKey, LLC",Unknown,0.0,0.0,0.0,0.0,0.0,246.014,246.014,1
"PracticeTek Purchaser, LLC, PracticeTek MidCo, LLC and GSV PracticeTek Holdings, LLC",Software/Technology,244.0,0.0,0.0,0.0,0.0,0.0,244.0,1
"iQor Holdings, Inc.",Unknown,0.0,0.0,0.0,0.0,0.0,243.284,243.284,1
BGB Group LLC,Unknown,0.0,242.0,0.0,0.0,0.0,0.0,242.0,1
Apex Service Partners LLC,Unknown,0.0,241.3,0.0,0.0,0.0,0.0,241.3,1
"Roemanu LLC (FKA Toorak Capital Partners LLC), Private Equity",Unknown,0.0,241.0,0.0,0.0,0.0,0.0,241.0,1
Hibu Inc,Unknown,0.0,229.8,0.0,0.0,0.0,0.0,229.8,1
"Atlantis Health Care Group (Puerto Rico), Inc.",Unknown,0.0,0.0,0.0,0.0,0.0,229.516,229.516,1
Vytalogy Wellness LLC (fka Jarrow Formulas Inc),Unknown,0.0,228.4,0.0,0.0,0.0,0.0,228.4,1
"Japs-Olson Company, LLC",Unknown,0.0,0.0,0.0,0.0,0.0,228.138,228.138,1
First Brands Group,Unknown,0.0,0.0,0.0,0.0,0.0,227.904,227.904,1
"Wash Encore Holdings, LLC",Healthcare Services,226.2,0.0,0.0,0.0,0.0,0.0,226.2,1
Gigamon Inc,Unknown,0.0,226.1,0.0,0.0,0.0,0.0,226.1,1
"Credit.com Holdings, LLC",Unknown,0.0,0.0,0.0,0.0,0.0,225.448,225.448,1
Heniff Transportation Systems LLC,Unknown,0.0,223.2,0.0,0.0,0.0,0.0,223.2,1
California Splendor Holdings LLC,Other,0.0,0.0,222.092,0.0,0.0,0.0,222.092,1
"Belnick, LLC (d/b/a The Ubique Group)",Unknown,0.0,0.0,0.0,0.0,0.0,219.666,219.666,1
"Emerge Intermediate, Inc.",Unknown,0.0,0.0,0.0,0.0,0.0,219.204,219.204,1
"Severin Acquisition, LLC",Software/Technology,218.9,0.0,0.0,0.0,0.0,0.0,218.9,1
Dental Care Alliance Inc,Unknown,0.0,217.0,0.0,0.0,0.0,0.0,217.0,1
Med-Metrix,Unknown,0.0,216.4,0.0,0.0,0.0,0.0,216.4,1
"Cody Pools, Inc.",Real Estate,0.0,0.0,214.074,0.0,0.0,0.0,214.074,1
Oxford Global Resources LLC,Unknown,0.0,211.5,0.0,0.0,0.0,0.0,211.5,1
"SOC Telemed, Inc. and PSC Spark Holdings, LP",Other,210.2,0.0,0.0,0.0,0.0,0.0,210.2,1
Creative Foam Corporation,Healthcare Services,0.0,0.0,209.914,0.0,0.0,0.0,209.914,1
"The RK Logistics Group, Inc.",Unknown,0.0,0.0,0.0,0.0,0.0,209.056,209.056,1
Nationwide Loan Company LLC,Unknown,0.0,0.0,0.0,0.0,0.0,207.456,207.456,1
Lionbridge Technologies Inc,Unknown,0.0,205.8,0.0,0.0,0.0,0.0,205.8,1
"Enseo Acquisition, Inc.",Unknown,0.0,0.0,0.0,0.0,0.0,205.516,205.516,1
Integrity Marketing Group LLC,Unknown,0.0,201.0,0.0,0.0,0.0,0.0,201.0,1
VetCor Professional Practices LLC,Unknown,0.0,200.5,0.0,0.0,0.0,0.0,200.5,1
Chamberlin Holding LLC,Software/Technology,0.0,0.0,200.16,0.0,0.0,0.0,200.16,1
WSHP FC Acquisition LLC and WSHP FC Holdings LLC,Business Services,199.6,0.0,0.0,0.0,0.0,0.0,199.6,1
"Event Holdco, LLC",Software/Technology,0.0,0.0,196.648,0.0,0.0,0.0,196.648,1
Galway Partners Holdings LLC,Unknown,0.0,195.9,0.0,0.0,0.0,0.0,195.9,1
eCapital Finance Corp.,Other,195.9,0.0,0.0,0.0,0.0,0.0,195.9,1
Greystone Equity Member Corp,Unknown,0.0,194.8,0.0,0.0,0.0,0.0,194.8,1
"ATI Restoration, LLC",Other,194.6,0.0,0.0,0.0,0.0,0.0,194.6,1
"Eze Castle Integration, Inc.",Unknown,0.0,0.0,0.0,0.0,0.0,193.6,193.6,1
"Help/Systems Holdings, Inc. (d/b/a Forta, LLC)",Unknown,0.0,0.0,0.0,0.0,0.0,193.488,193.488,1
"Hyland Software, Inc.",Software/Technology,193.2,0.0,0.0,0.0,0.0,0.0,193.2,1
American Vision Partners,Unknown,0.0,193.2,0.0,0.0,0.0,0.0,193.2,1
Karman Space Inc,Unknown,0.0,192.9,0.0,0.0,0.0,0.0,192.9,1
Pearl Meyer Topco LLC,Business Services,0.0,0.0,190.542,0.0,0.0,0.0,190.542,1
"Finastra USA, Inc., DH Corporation/Societe DH, and Finastra Europe S.A R.L.",Software/Technology,189.0,0.0,0.0,0.0,0.0,0.0,189.0,1
"DTI Holdco, Inc.",Unknown,0.0,0.0,0.0,0.0,0.0,186.352,186.352,1
Performance Health Holdings Inc,Unknown,0.0,186.1,0.0,0.0,0.0,0.0,186.1,1
"Kilter Finance, Preferred Stock",Unknown,0.0,185.1,0.0,0.0,0.0,0.0,185.1,1
48Forty Solutions LLC,Unknown,0.0,181.6,0.0,0.0,0.0,0.0,181.6,1
Ellucian Inc,Unknown,0.0,181.0,0.0,0.0,0.0,0.0,181.0,1
Industria Chimica Emiliana Srl,Unknown,0.0,180.7,0.0,0.0,0.0,0.0,180.7,1
"Pinnacle TopCo, LLC",Other,0.0,0.0,180.646,0.0,0.0,0.0,180.646,1
"Collections Acquisition Company, Inc.",Unknown,0.0,0.0,0.0,0.0,0.0,179.152,179.152,1
"Direct Marketing Solutions, Inc.",Business Services,0.0,0.0,178.696,0.0,0.0,0.0,178.696,1
ThreeSixty Group,Unknown,0.0,178.6,0.0,0.0,0.0,0.0,178.6,1
Foundation Risk Partners Corp,Unknown,0.0,176.6,0.0,0.0,0.0,0.0,176.6,1
GRT Rubber Technologies LLC,Other,0.0,0.0,174.666,0.0,0.0,0.0,174.666,1
"Pritchard Industries, LLC and LJ Pritchard TopCo Holdings, LLC",Real Estate,171.6,0.0,0.0,0.0,0.0,0.0,171.6,1
PartsSource Inc,Unknown,0.0,169.5,0.0,0.0,0.0,0.0,169.5,1
"NH Kronos Buyer, Inc.",Unknown,0.0,0.0,0.0,0.0,0.0,167.124,167.124,1
Follett Software Co,Unknown,0.0,165.4,0.0,0.0,0.0,0.0,165.4,1
"Elemica Parent, Inc. & EZ Elemica Holdings, Inc.",Software/Technology,165.4,0.0,0.0,0.0,0.0,0.0,165.4,1
Spins LLC,Unknown,0.0,163.0,0.0,0.0,0.0,0.0,163.0,1
"ZenDesk, Inc., Zoro TopCo, Inc. and Zoro TopCo, LP",Software/Technology,162.6,0.0,0.0,0.0,0.0,0.0,162.6,1
Dukes Root Control Inc.,Unknown,0.0,0.0,0.0,0.0,0.0,161.549,161.549,1
"Shoes West, LLC (d/b/a Taos Footwear)",Unknown,0.0,0.0,0.0,0.0,0.0,161.01,161.01,1
"Druid City Infusion, LLC",Unknown,0.0,0.0,0.0,0.0,0.0,160.606,160.606,1
"WorkWave Intermediate II, LLC",Software/Technology,159.6,0.0,0.0,0.0,0.0,0.0,159.6,1
Transaction Services Group Ltd,Unknown,0.0,159.2,0.0,0.0,0.0,0.0,159.2,1
Individual FoodService,Unknown,0.0,157.9,0.0,0.0,0.0,0.0,157.9,1
RME Group Holding Company,Unknown,0.0,0.0,0.0,0.0,0.0,157.74,157.74,1
"Visual Edge Technology, Inc. (5)",Industrial/Manufacturing,157.4,0.0,0.0,0.0,0.0,0.0,157.4,1
"EP Purchaser, LLC and TPG VIII EP Co-Invest II, L.P.",Media & Entertainment,156.8,0.0,0.0,0.0,0.0,0.0,156.8,1
JW Aluminum Co,Unknown,0.0,155.2,0.0,0.0,0.0,0.0,155.2,1
"QC Holdings TopCo, LLC",Unknown,0.0,0.0,0.0,0.0,0.0,154.572,154.572,1
Time Manufacturing Co,Unknown,0.0,152.7,0.0,0.0,0.0,0.0,152.7,1
Amerivet Partners Management Inc,Unknown,0.0,152.1,0.0,0.0,0.0,0.0,152.1,1
"Project Essential Bidco, Inc. and Project Essential Super Parent, Inc.",Software/Technology,151.6,0.0,0.0,0.0,0.0,0.0,151.6,1
"Project Potter Buyer, LLC and Project Potter Parent, L.P.",Software/Technology,151.6,0.0,0.0,0.0,0.0,0.0,151.6,1
"JW Aluminum Co, Preferred Stock",Unknown,0.0,148.7,0.0,0.0,0.0,0.0,148.7,1
"Ansira Partners II, LLC",Business Services,0.0,0.0,148.184,0.0,0.0,0.0,148.184,1
"Medical Solutions Holdings, Inc.",Unknown,0.0,0.0,0.0,0.0,0.0,147.18,147.18,1
HuFriedy Group Acquisition LLC,Healthcare Services,146.8,0.0,0.0,0.0,0.0,0.0,146.8,1
"KKR Altitude II Offshore Aggregator LP, Partnership Interest",Unknown,0.0,146.7,0.0,0.0,0.0,0.0,146.7,1
"Victors Purchaser, LLC and WP Victors Co-Investment, L.P.",Other,146.2,0.0,0.0,0.0,0.0,0.0,146.2,1
Redstone Holdco 2 LP,Unknown,0.0,0.0,0.0,0.0,0.0,145.834,145.834,1
"Garyline, LLC",Industrial/Manufacturing,0.0,0.0,145.486,0.0,0.0,0.0,145.486,1
Lakeview Farms Inc,Unknown,0.0,144.3,0.0,0.0,0.0,0.0,144.3,1
"PPL RVs, Inc.",Retail,0.0,0.0,142.61,0.0,0.0,0.0,142.61,1
USIC Holdings Inc,Unknown,0.0,142.1,0.0,0.0,0.0,0.0,142.1,1
Foundation Consumer Brands LLC,Unknown,0.0,141.5,0.0,0.0,0.0,0.0,141.5,1
Galaxy Universal LLC,Unknown,0.0,141.1,0.0,0.0,0.0,0.0,141.1,1
"Victory Energy Operations, LLC",Industrial/Manufacturing,0.0,0.0,140.89,0.0,0.0,0.0,140.89,1
"Recovery Solutions Parent, LLC",Unknown,0.0,0.0,0.0,0.0,0.0,140.792,140.792,1
NMFC Senior Loan Program III LLC,Unknown,0.0,0.0,0.0,140.0,0.0,0.0,140.0,1
"Netsmart, Inc. and Netsmart Technologies, Inc.",Software/Technology,139.6,0.0,0.0,0.0,0.0,0.0,139.6,1
Legends Hospitality LLC,Unknown,0.0,138.4,0.0,0.0,0.0,0.0,138.4,1
OneTouchPoint Corp,Unknown,0.0,0.0,0.0,0.0,0.0,137.534,137.534,1
"Auctane, Inc.",Transportation & Logistics,136.6,0.0,0.0,0.0,0.0,0.0,136.6,1
"WatchGuard Technologies, Inc.",Unknown,0.0,0.0,0.0,0.0,0.0,136.414,136.414,1
"New Benevis Topco, LLC / New Benevis Holdco, Inc.",Unknown,0.0,0.0,0.0,135.401,0.0,0.0,135.401,1
"Banyan Software Holdings, LLC and Banyan Software, LP",Software/Technology,135.4,0.0,0.0,0.0,0.0,0.0,135.4,1
Radwell International LLC,Unknown,0.0,135.2,0.0,0.0,0.0,0.0,135.2,1
"MAC Discount, LLC",Unknown,0.0,0.0,0.0,0.0,0.0,134.964,134.964,1
"Altavair AirFinance, Private Equity",Unknown,0.0,133.9,0.0,0.0,0.0,0.0,133.9,1
"Centre Technologies Holdings, LLC",Software/Technology,0.0,0.0,133.116,0.0,0.0,0.0,133.116,1
"WebPT, Inc. and WPT Intermediate Holdco, Inc.",Software/Technology,131.8,0.0,0.0,0.0,0.0,0.0,131.8,1
"eResearch Technology, Inc. and Astorg VII Co-Invest ERT",Software/Technology,131.4,0.0,0.0,0.0,0.0,0.0,131.4,1
"Elgin AcquireCo, LLC",Industrial/Manufacturing,0.0,0.0,131.176,0.0,0.0,0.0,131.176,1
"Storable, Inc. and EQT IX Co-Investment (E) SCSP",Software/Technology,130.4,0.0,0.0,0.0,0.0,0.0,130.4,1
3Pillar Global Inc,Unknown,0.0,129.5,0.0,0.0,0.0,0.0,129.5,1
"LeanTaaS Holdings, Inc.",Software/Technology,128.6,0.0,0.0,0.0,0.0,0.0,128.6,1
"Channel Partners Intermediateco, LLC",Other,0.0,0.0,128.549,0.0,0.0,0.0,128.549,1
Nexus Buyer LLC,Unknown,0.0,0.0,0.0,0.0,0.0,128.0,128.0,1
"Amerivet Partners Management, Inc. and AVE Holdings LP",Software/Technology,127.8,0.0,0.0,0.0,0.0,0.0,127.8,1
Wellington Bidco Inc. and Wellington TopCo LP,Software/Technology,127.8,0.0,0.0,0.0,0.0,0.0,127.8,1
Barbri Inc,Unknown,0.0,126.9,0.0,0.0,0.0,0.0,126.9,1
"Activate Holdings (US) Corp. and CrossPoint Capital AS SPV, LP",Software/Technology,125.4,0.0,0.0,0.0,0.0,0.0,125.4,1
NCI Inc,Unknown,0.0,124.6,0.0,0.0,0.0,0.0,124.6,1
"Argenbright Holdings V, LLC, Amberstone Security Group Limited, Unifi Aviation North America LLC and Unifi Aviation Canada, Inc.",Transportation & Logistics,124.2,0.0,0.0,0.0,0.0,0.0,124.2,1
"PetVet Care Centers, LLC",Healthcare Services,122.2,0.0,0.0,0.0,0.0,0.0,122.2,1
"AHR Funding Holdings, Inc. and AHR Parent Holdings, LP",Healthcare Services,121.6,0.0,0.0,0.0,0.0,0.0,121.6,1
"Production Resource Group LLC, Preferred Stock, Series A PIK",Unknown,0.0,120.7,0.0,0.0,0.0,0.0,120.7,1
Omnimax International Inc,Unknown,0.0,120.3,0.0,0.0,0.0,0.0,120.3,1
"Bausch Health Cos Inc, Revolver",Unknown,0.0,120.0,0.0,0.0,0.0,0.0,120.0,1
"ADG, LLC, GEDC Equity, LLC and RC IV GEDC Investor LLC (5)",Healthcare Services,118.8,0.0,0.0,0.0,0.0,0.0,118.8,1
"Computer Data Source, LLC",Other,0.0,0.0,118.339,0.0,0.0,0.0,118.339,1
"Spectrum Vision Holdings, LLC",Unknown,0.0,0.0,0.0,0.0,0.0,117.878,117.878,1
"Trinseo Materials Operating SCA / Trinseo Materials Finance Inc, Revolver",Unknown,0.0,117.7,0.0,0.0,0.0,0.0,117.7,1
Pathway Vet Alliance LLC and Jedi Group Holdings LLC,Healthcare Services,117.6,0.0,0.0,0.0,0.0,0.0,117.6,1
TCP Hawker Intermediate LLC,Other,115.8,0.0,0.0,0.0,0.0,0.0,115.8,1
Lakefield Veterinary Group,Unknown,0.0,115.3,0.0,0.0,0.0,0.0,115.3,1
"FlyWheel Acquireco, Inc.",Business Services,115.0,0.0,0.0,0.0,0.0,0.0,115.0,1
Net Lease,Unknown,0.0,0.0,0.0,114.794,0.0,0.0,114.794,1
TIBCO Software Inc,Unknown,0.0,114.5,0.0,0.0,0.0,0.0,114.5,1
"Tamarack Intermediate, L.L.C. and Tamarack Parent, L.L.C.",Software/Technology,114.4,0.0,0.0,0.0,0.0,0.0,114.4,1
"Kellermeyer Bergensons Services, LLC and KBS TopCo, LLC",Real Estate,114.2,0.0,0.0,0.0,0.0,0.0,114.2,1
"LGC US FINCO, LLC",Unknown,0.0,0.0,0.0,0.0,0.0,113.81,113.81,1
"Orttech Holdings, LLC",Industrial/Manufacturing,0.0,0.0,113.59,0.0,0.0,0.0,113.59,1
Lipari Foods LLC,Unknown,0.0,113.1,0.0,0.0,0.0,0.0,113.1,1
Burgess Point Purchaser Corporation,Unknown,0.0,0.0,0.0,0.0,0.0,113.03,113.03,1
NMFC Senior Loan Program IV LLC,Unknown,0.0,0.0,0.0,112.4,0.0,0.0,112.4,1
Investment Fund,Unknown,0.0,0.0,0.0,112.4,0.0,0.0,112.4,1
HM Dunn Co Inc,Unknown,0.0,111.6,0.0,0.0,0.0,0.0,111.6,1
Motion Recruitment Partners LLC,Unknown,0.0,111.3,0.0,0.0,0.0,0.0,111.3,1
Distribution & Logistics,Unknown,0.0,0.0,0.0,110.221,0.0,0.0,110.221,1
"Capstone Acquisition Holdings, Inc., Capstone Logistics Holdings, Inc. and Capstone Parent Holdings, LP",Retail,110.1,0.0,0.0,0.0,0.0,0.0,110.1,1
"Pluralsight, LLC and Pluralsight Holdings, LLC and Paradigmatic Holdco LLC (4)",Software/Technology,109.8,0.0,0.0,0.0,0.0,0.0,109.8,1
"TalkTalk Telecom Group Ltd, Revolver",Unknown,0.0,109.6,0.0,0.0,0.0,0.0,109.6,1
Source Code LLC,Unknown,0.0,109.1,0.0,0.0,0.0,0.0,109.1,1
"Discovery Point Retreat, LLC",Unknown,0.0,0.0,0.0,0.0,0.0,109.065,109.065,1
Sweeping Corp of America Inc,Unknown,0.0,108.9,0.0,0.0,0.0,0.0,108.9,1
"Appriss Health, LLC and Appriss Health Intermediate Holdings, Inc.",Software/Technology,107.4,0.0,0.0,0.0,0.0,0.0,107.4,1
OEConnection LLC,Unknown,0.0,107.3,0.0,0.0,0.0,0.0,107.3,1
"Reception Purchaser, LLC",Unknown,0.0,0.0,0.0,0.0,0.0,107.078,107.078,1
"PSC Parent, Inc.",Other,105.6,0.0,0.0,0.0,0.0,0.0,105.6,1
"IG Investor, LLC",Other,0.0,0.0,102.598,0.0,0.0,0.0,102.598,1
Arcfield Acquisition Corp,Unknown,0.0,101.6,0.0,0.0,0.0,0.0,101.6,1
Reliant Rehab Hospital Cincinnati LLC,Unknown,0.0,101.6,0.0,0.0,0.0,0.0,101.6,1
Advania Sverige AB,Unknown,0.0,101.2,0.0,0.0,0.0,0.0,101.2,1
"Raptor Technologies, LLC, Sycamore Bidco LTD and Rocket Parent, LLC",Software/Technology,101.0,0.0,0.0,0.0,0.0,0.0,101.0,1
"SIO2 Medical Products, Inc.",Unknown,0.0,0.0,0.0,0.0,100.65,0.0,100.65,1
"Priority Waste Holdings LLC, Priority Waste Holdings Indiana LLC and Priority Waste Super Holdings, LLC",Other,100.4,0.0,0.0,0.0,0.0,0.0,100.4,1
"KKR Chord IP Aggregator LP, Partnership Interest",Unknown,0.0,100.0,0.0,0.0,0.0,0.0,100.0,1
"Affordable Care Inc, Preferred Stock",Unknown,0.0,99.9,0.0,0.0,0.0,0.0,99.9,1
"Spaceship Purchaser, Inc.",Software/Technology,99.7,0.0,0.0,0.0,0.0,0.0,99.7,1
"CBT Nuggets, LLC",Education,0.0,0.0,99.67,0.0,0.0,0.0,99.67,1
OCSI Glick JV LLC,Unknown,0.0,0.0,0.0,0.0,98.913,0.0,98.913,1
Coregistics Buyer LLC,Other,0.0,0.0,98.596,0.0,0.0,0.0,98.596,1
Spotless Brands LLC,Unknown,0.0,98.3,0.0,0.0,0.0,0.0,98.3,1
Worldwise Inc,Unknown,0.0,97.0,0.0,0.0,0.0,0.0,97.0,1
"OMH-HealthEdge Holdings, LLC",Healthcare Services,96.9,0.0,0.0,0.0,0.0,0.0,96.9,1
"Tempus AI, Inc.",Software/Technology,96.8,0.0,0.0,0.0,0.0,0.0,96.8,1
"American Nuts, LLC",Other,0.0,0.0,96.38,0.0,0.0,0.0,96.38,1
"NM NL Holdings, L.P.",Unknown,0.0,0.0,0.0,96.071,0.0,0.0,96.071,1
Vitesse Systems,Software/Technology,0.0,0.0,95.74,0.0,0.0,0.0,95.74,1
Rosa Mexicano,Unknown,0.0,0.0,0.0,0.0,0.0,95.598,95.598,1
"Vehicle Secured Funding Trust, Private Equity",Unknown,0.0,94.9,0.0,0.0,0.0,0.0,94.9,1
"TDC LLP, Preferred Equity",Unknown,0.0,94.4,0.0,0.0,0.0,0.0,94.4,1
Verify Diagnostics LLC,Unknown,0.0,0.0,0.0,0.0,0.0,93.89,93.89,1
Digital Products Holdings LLC,Other,0.0,0.0,93.564,0.0,0.0,0.0,93.564,1
Community Brands Inc,Unknown,0.0,93.2,0.0,0.0,0.0,0.0,93.2,1
Lucky US BuyerCo LLC,Unknown,0.0,0.0,0.0,0.0,0.0,92.83,92.83,1
"UniTek Global Services, Inc.",Unknown,0.0,0.0,0.0,91.999,0.0,0.0,91.999,1
DFC Global Facility Borrower III LLC,Financial Services,91.4,0.0,0.0,0.0,0.0,0.0,91.4,1
"Robbins Bros. Jewelry, Inc.",Retail,0.0,0.0,90.59,0.0,0.0,0.0,90.59,1
"STG Distribution, LLC (f/k/a Reception Purchaser, LLC)",Unknown,0.0,0.0,0.0,0.0,0.0,89.44,89.44,1
DOXA Insurance Holdings LLC,Unknown,0.0,89.0,0.0,0.0,0.0,0.0,89.0,1
"UPS Intermediate, LLC",Industrial/Manufacturing,0.0,0.0,88.694,0.0,0.0,0.0,88.694,1
"Callodine Commercial Finance LLC, 2L Term Loan A",Unknown,0.0,88.4,0.0,0.0,0.0,0.0,88.4,1
Laboratories Bidco LLC and Laboratories Topco LLC,Other,87.0,0.0,0.0,0.0,0.0,0.0,87.0,1
"Cybermedia Technologies, LLC",Software/Technology,0.0,0.0,86.778,0.0,0.0,0.0,86.778,1
"Boostability Parent, Inc.",Unknown,0.0,0.0,0.0,0.0,0.0,85.54,85.54,1
"Nello Industries Investco, LLC",Telecommunications,0.0,0.0,85.006,0.0,0.0,0.0,85.006,1
Encora Digital LLC,Unknown,0.0,84.7,0.0,0.0,0.0,0.0,84.7,1
"Callodine Commercial Finance LLC, 2L Term Loan B",Unknown,0.0,84.5,0.0,0.0,0.0,0.0,84.5,1
"Diligent Corporation and Diligent Preferred Issuer, Inc.",Software/Technology,84.0,0.0,0.0,0.0,0.0,0.0,84.0,1
"Curia Global Inc, Revolver",Unknown,0.0,83.3,0.0,0.0,0.0,0.0,83.3,1
"VPP Intermediate Holdings, LLC and VPP Group Holdings, L.P.",Healthcare Services,83.2,0.0,0.0,0.0,0.0,0.0,83.2,1
"TEC Services, LLC",Food & Beverage,0.0,0.0,82.98,0.0,0.0,0.0,82.98,1
Revere Superior Holdings Inc,Unknown,0.0,82.2,0.0,0.0,0.0,0.0,82.2,1
"Capital Automotive LP, Structured Mezzanine",Unknown,0.0,81.6,0.0,0.0,0.0,0.0,81.6,1
"PDI TA Holdings, Inc., Peachtree Parent, Inc. and Insight PDI Holdings, LLC",Software/Technology,81.4,0.0,0.0,0.0,0.0,0.0,81.4,1
"North Star Acquisitionco, LLC and Toucan Bidco Limited",Software/Technology,80.4,0.0,0.0,0.0,0.0,0.0,80.4,1
"Voya CLO 2017-3, Ltd.",Unknown,0.0,0.0,0.0,0.0,0.0,80.304,80.304,1
Miami Beach Medical Group LLC,Unknown,0.0,80.3,0.0,0.0,0.0,0.0,80.3,1
Nordic Climate Group Holding AB,Unknown,0.0,79.5,0.0,0.0,0.0,0.0,79.5,1
"HH-Stella, Inc. and Bedrock Parent Holdings, LP",Other,79.2,0.0,0.0,0.0,0.0,0.0,79.2,1
"NuStep, LLC",Industrial/Manufacturing,0.0,0.0,79.178,0.0,0.0,0.0,79.178,1
"My Community Homes PropCo 2, Private Equity",Unknown,0.0,78.8,0.0,0.0,0.0,0.0,78.8,1
Gracent LLC,Unknown,0.0,78.6,0.0,0.0,0.0,0.0,78.6,1
"PayPal Europe Sarl et Cie SCA, ABF Equity",Unknown,0.0,78.1,0.0,0.0,0.0,0.0,78.1,1
"Computer Services, Inc.",Software/Technology,78.0,0.0,0.0,0.0,0.0,0.0,78.0,1
Magna Legal Services LLC,Unknown,0.0,78.0,0.0,0.0,0.0,0.0,78.0,1
"Julie Lindsey, Inc.",Unknown,0.0,0.0,0.0,0.0,0.0,77.6,77.6,1
"Shutterfly Finance, LLC",Unknown,0.0,0.0,0.0,0.0,0.0,77.466,77.466,1
MRI Software LLC,Software/Technology,77.0,0.0,0.0,0.0,0.0,0.0,77.0,1
Consumer Products,Unknown,0.0,0.0,0.0,76.619,0.0,0.0,76.619,1
Highgate Hotels Inc,Unknown,0.0,76.0,0.0,0.0,0.0,0.0,76.0,1
"Olympia Acquisition, Inc., Olympia TopCo, L.P., and Asclepius Holdings LLC (5)",Software/Technology,76.0,0.0,0.0,0.0,0.0,0.0,76.0,1
Element Materials Technology Group US Holdings Inc,Unknown,0.0,75.9,0.0,0.0,0.0,0.0,75.9,1
VVS Holdco LLC,Retail,0.0,0.0,75.802,0.0,0.0,0.0,75.802,1
NexRev LLC,Energy & Utilities,0.0,0.0,75.644,0.0,0.0,0.0,75.644,1
Radwell International LLC/PA,Unknown,0.0,75.6,0.0,0.0,0.0,0.0,75.6,1
"Avalign Holdings, Inc. and Avalign Technologies, Inc.",Healthcare Services,75.2,0.0,0.0,0.0,0.0,0.0,75.2,1
Wellful Inc.,Unknown,0.0,0.0,0.0,0.0,0.0,74.644,74.644,1
Parts Town LLC,Unknown,0.0,74.3,0.0,0.0,0.0,0.0,74.3,1
"Trantech Radiator Topco, LLC",Other,0.0,0.0,74.168,0.0,0.0,0.0,74.168,1
Denali Holdco LLC and Denali Apexco LP,Software/Technology,73.8,0.0,0.0,0.0,0.0,0.0,73.8,1
Net Documents,Unknown,0.0,73.7,0.0,0.0,0.0,0.0,73.7,1
"Wellpath Holdings, Inc.",Unknown,0.0,0.0,0.0,0.0,0.0,73.432,73.432,1
Heritage Environmental Services Inc,Unknown,0.0,73.2,0.0,0.0,0.0,0.0,73.2,1
DuBois Chemicals Inc,Unknown,0.0,73.2,0.0,0.0,0.0,0.0,73.2,1
"Barracuda Parent, LLC",Unknown,0.0,0.0,0.0,0.0,0.0,72.378,72.378,1
"Avalara, Inc.",Software/Technology,72.2,0.0,0.0,0.0,0.0,0.0,72.2,1
"CenterPeak Holdings, LLC",Other,0.0,0.0,72.114,0.0,0.0,0.0,72.114,1
KM2 Solutions LLC,Unknown,0.0,0.0,0.0,0.0,0.0,70.98,70.98,1
"Sapphire Software Buyer, Inc.",Software/Technology,70.8,0.0,0.0,0.0,0.0,0.0,70.8,1
"Schill Landscaping and Lawn Care Services LLC, Tender Lawn Care ULC and Landscape Parallel Partners, L.P. (15)",Other,70.8,0.0,0.0,0.0,0.0,0.0,70.8,1
"Upstream Newco, Inc.",Unknown,0.0,0.0,0.0,0.0,0.0,70.502,70.502,1
Titan Meter Midco Corp.,Energy & Utilities,0.0,0.0,70.444,0.0,0.0,0.0,70.444,1
"Mystic Logistics Holdings, LLC",Retail,0.0,0.0,70.018,0.0,0.0,0.0,70.018,1
Apidos CLO XXII,Unknown,0.0,0.0,0.0,0.0,0.0,69.32,69.32,1
Affordable Care Inc,Unknown,0.0,69.1,0.0,0.0,0.0,0.0,69.1,1
Energy,Unknown,0.0,0.0,0.0,69.016,0.0,0.0,69.016,1
"Metalforming Holdings, LLC",Industrial/Manufacturing,0.0,0.0,68.16,0.0,0.0,0.0,68.16,1
"New WPCC Parent, LLC",Unknown,0.0,0.0,0.0,0.0,0.0,67.943,67.943,1
"Kickhaefer Manufacturing Company, LLC",Industrial/Manufacturing,0.0,0.0,67.726,0.0,0.0,0.0,67.726,1
"Absolute Dental Group LLC and Absolute Dental Equity, LLC (5)",Healthcare Services,67.3,0.0,0.0,0.0,0.0,0.0,67.3,1
"RTI Surgical, Inc. and Pioneer Surgical Technology, Inc.",Industrial/Manufacturing,67.2,0.0,0.0,0.0,0.0,0.0,67.2,1
"Batjer TopCo, LLC",Industrial/Manufacturing,0.0,0.0,66.8,0.0,0.0,0.0,66.8,1
"GS HVAM Intermediate, LLC",Food & Beverage,0.0,0.0,65.91,0.0,0.0,0.0,65.91,1
Apidos CLO XV,Unknown,0.0,0.0,0.0,0.0,0.0,65.622,65.622,1
"Global Lending Services LLC, ABF Equity",Unknown,0.0,65.4,0.0,0.0,0.0,0.0,65.4,1
"Slick Innovations, LLC",Software/Technology,0.0,0.0,65.02,0.0,0.0,0.0,65.02,1
Food & Beverage,Unknown,0.0,0.0,0.0,64.505,0.0,0.0,64.505,1
Apidos CLO XI,Unknown,0.0,0.0,0.0,0.0,0.0,64.47,64.47,1
GradeEight Corp.,Industrial/Manufacturing,0.0,0.0,64.448,0.0,0.0,0.0,64.448,1
"My Community Homes PropCo 2, Term Loan",Unknown,0.0,64.4,0.0,0.0,0.0,0.0,64.4,1
Echelon Transportation LLC,Unknown,0.0,0.0,0.0,0.0,0.0,64.198,64.198,1
Lazer Logistics Inc,Unknown,0.0,64.0,0.0,0.0,0.0,0.0,64.0,1
Aero Operating LLC,Other,63.6,0.0,0.0,0.0,0.0,0.0,63.6,1
"Vehicle Secured Funding Trust, Term Loan",Unknown,0.0,63.3,0.0,0.0,0.0,0.0,63.3,1
Superior Rigging & Erecting Co.,Other,0.0,0.0,63.264,0.0,0.0,0.0,63.264,1
"New Permian Holdco, Inc. / New Permian Holdco, L.L.C.",Unknown,0.0,0.0,0.0,63.17,0.0,0.0,63.17,1
"Corient Holdings, Inc.",Financial Services,63.1,0.0,0.0,0.0,0.0,0.0,63.1,1
Belk Inc,Unknown,0.0,62.7,0.0,0.0,0.0,0.0,62.7,1
Veriforce LLC,Unknown,0.0,62.2,0.0,0.0,0.0,0.0,62.2,1
"8th Avenue Food & Provisions, Inc.",Unknown,0.0,0.0,0.0,0.0,0.0,62.098,62.098,1
BP Loenbro Holdings Inc.,Industrial/Manufacturing,0.0,0.0,61.94,0.0,0.0,0.0,61.94,1
"Microbe Formulas, LLC",Food & Beverage,0.0,0.0,61.848,0.0,0.0,0.0,61.848,1
AMEREQUIP LLC,Industrial/Manufacturing,0.0,0.0,61.438,0.0,0.0,0.0,61.438,1
"Pathstone Family Office LLC and Kelso XI Tailwind Co-Investment, L.P. (15)",Financial Services,61.4,0.0,0.0,0.0,0.0,0.0,61.4,1
"Freedom Marine Solutions, LLC",Unknown,0.0,0.0,0.0,0.0,0.0,61.332,61.332,1
Apex Group Limited,Unknown,0.0,61.1,0.0,0.0,0.0,0.0,61.1,1
"LL Management, Inc.",Healthcare Services,0.0,0.0,61.076,0.0,0.0,0.0,61.076,1
"AI Titan Parent, Inc.",Software/Technology,60.9,0.0,0.0,0.0,0.0,0.0,60.9,1
"Prime ST LLC, Structured Mezzanine",Unknown,0.0,60.7,0.0,0.0,0.0,0.0,60.7,1
Corsearch Intermediate Inc,Unknown,0.0,60.0,0.0,0.0,0.0,0.0,60.0,1
"Watterson Brands, LLC",Other,0.0,0.0,59.836,0.0,0.0,0.0,59.836,1
"Extrahop Networks, Inc.",Software/Technology,59.8,0.0,0.0,0.0,0.0,0.0,59.8,1
Shaw Development LLC,Unknown,0.0,59.8,0.0,0.0,0.0,0.0,59.8,1
"CIFC Funding 2016-I, Ltd.",Unknown,0.0,0.0,0.0,0.0,0.0,59.708,59.708,1
"PayPal Europe Sarl et Cie SCA, Private Equity",Unknown,0.0,59.6,0.0,0.0,0.0,0.0,59.6,1
Netsmart Technologies Inc,Unknown,0.0,59.3,0.0,0.0,0.0,0.0,59.3,1
"Anaqua Parent Holdings, Inc. & Astorg VII Co-Invest Anaqua",Software/Technology,59.0,0.0,0.0,0.0,0.0,0.0,59.0,1
"Cority Software Inc., Cority Software (USA) Inc., and Cority Parent, Inc.",Software/Technology,59.0,0.0,0.0,0.0,0.0,0.0,59.0,1
"801 5th Ave, Seattle, Structure Mezzanine",Unknown,0.0,58.9,0.0,0.0,0.0,0.0,58.9,1
"TPS, LLC",Unknown,0.0,0.0,0.0,0.0,0.0,58.74,58.74,1
"ISQ Hawkeye Holdco, Inc. and ISQ Hawkeye Holdings, L.P.",Industrial/Manufacturing,58.6,0.0,0.0,0.0,0.0,0.0,58.6,1
New Era Technology Inc,Unknown,0.0,58.5,0.0,0.0,0.0,0.0,58.5,1
"KBK Industries, LLC",Industrial/Manufacturing,0.0,0.0,57.76,0.0,0.0,0.0,57.76,1
Moonraker AcquisitionCo LLC and Moonraker HoldCo LLC,Software/Technology,57.6,0.0,0.0,0.0,0.0,0.0,57.6,1
"Surescripts, LLC",Healthcare Services,57.5,0.0,0.0,0.0,0.0,0.0,57.5,1
"CIFC Funding 2014-IV-R, Ltd.",Unknown,0.0,0.0,0.0,0.0,0.0,57.336,57.336,1
"Preventics, Inc. (d/b/a Legere Pharmaceuticals)",Unknown,0.0,0.0,0.0,0.0,0.0,57.034,57.034,1
"Adams Publishing Group, LLC",Other,0.0,0.0,56.936,0.0,0.0,0.0,56.936,1
"Sundance Group Holdings, Inc.",Software/Technology,56.4,0.0,0.0,0.0,0.0,0.0,56.4,1
BDO USA PA,Unknown,0.0,56.2,0.0,0.0,0.0,0.0,56.2,1
Warren Resources Inc,Unknown,0.0,56.2,0.0,0.0,0.0,0.0,56.2,1
Packaging,Unknown,0.0,0.0,0.0,56.109,0.0,0.0,56.109,1
California Street CLO IX Ltd.,Unknown,0.0,0.0,0.0,0.0,0.0,55.994,55.994,1
"Valcourt Holdings II, LLC and Jobs Holdings, Inc.",Energy & Utilities,55.9,0.0,0.0,0.0,0.0,0.0,55.9,1
Colonial Electric Company LLC,Industrial/Manufacturing,0.0,0.0,55.76,0.0,0.0,0.0,55.76,1
USES Corp.,Unknown,0.0,0.0,0.0,0.0,0.0,55.505,55.505,1
"C5 Technology Holdings, LLC",Unknown,0.0,0.0,0.0,0.0,55.276,0.0,55.276,1
"Bettercloud, Inc.",Software/Technology,0.0,0.0,54.976,0.0,0.0,0.0,54.976,1
One Call Care Management Inc,Unknown,0.0,54.3,0.0,0.0,0.0,0.0,54.3,1
"Crown CT Parent Inc., Crown CT HoldCo Inc. and Crown CT Management LLC",Healthcare Services,53.8,0.0,0.0,0.0,0.0,0.0,53.8,1
"The Ultimus Group Midco, LLC, The Ultimus Group, LLC, and The Ultimus Group Aggregator, LP",Other,53.6,0.0,0.0,0.0,0.0,0.0,53.6,1
"Principle Environmental, LLC",Other,0.0,0.0,52.701,0.0,0.0,0.0,52.701,1
Lloyd's Register Quality Assurance Ltd,Unknown,0.0,51.7,0.0,0.0,0.0,0.0,51.7,1
Safe-Guard Products International LLC,Unknown,0.0,51.4,0.0,0.0,0.0,0.0,51.4,1
"Beacon Pointe Harmony, LLC",Financial Services,51.2,0.0,0.0,0.0,0.0,0.0,51.2,1
"QF Holdings, Inc.",Software/Technology,50.8,0.0,0.0,0.0,0.0,0.0,50.8,1
Columbia Cent CLO 27 Limited,Unknown,0.0,0.0,0.0,0.0,0.0,50.794,50.794,1
Apidos CLO XII,Unknown,0.0,0.0,0.0,0.0,0.0,50.624,50.624,1
"Elevation Services Parent Holdings, LLC",Software/Technology,50.2,0.0,0.0,0.0,0.0,0.0,50.2,1
"Career Team Holdings, LLC",Education,0.0,0.0,49.982,0.0,0.0,0.0,49.982,1
"AVEX Aviation Holdings, LLC",Retail,0.0,0.0,49.868,0.0,0.0,0.0,49.868,1
"Acumera, Inc.",Other,0.0,0.0,49.808,0.0,0.0,0.0,49.808,1
"Victor Technology, LLC",Unknown,0.0,0.0,0.0,0.0,0.0,49.594,49.594,1
"Compass Systems & Sales, LLC",Other,0.0,0.0,49.492,0.0,0.0,0.0,49.492,1
"Majesco and Magic Topco, L.P.",Software/Technology,49.0,0.0,0.0,0.0,0.0,0.0,49.0,1
"Rialto Management Group, LLC",Software/Technology,49.0,0.0,0.0,0.0,0.0,0.0,49.0,1
Advanced Dermatology & Cosmetic Surgery,Unknown,0.0,48.7,0.0,0.0,0.0,0.0,48.7,1
"Paragon 28, Inc. and Paragon Advanced Technologies, Inc.",Healthcare Services,48.2,0.0,0.0,0.0,0.0,0.0,48.2,1
"Raisin Acquisition Co, Inc.",Unknown,0.0,0.0,0.0,0.0,0.0,48.052,48.052,1
"Carlyle Global Market Strategies CLO 2016-3, Ltd.",Unknown,0.0,0.0,0.0,0.0,0.0,48.018,48.018,1
"CIFC Funding 2013-IV, Ltd.",Unknown,0.0,0.0,0.0,0.0,0.0,47.842,47.842,1
"Jet Edge International LLC, Structured Mezzanine",Unknown,0.0,47.6,0.0,0.0,0.0,0.0,47.6,1
"ArborWorks, LLC",Other,0.0,0.0,47.113,0.0,0.0,0.0,47.113,1
"Covis Finco Sarl, Revolver",Unknown,0.0,46.8,0.0,0.0,0.0,0.0,46.8,1
"Symphony CLO XV, Ltd.",Unknown,0.0,0.0,0.0,0.0,0.0,46.742,46.742,1
HEADLANDS OP-CO LLC,Healthcare Services,0.0,0.0,46.614,0.0,0.0,0.0,46.614,1
"United Sporting Companies, Inc.",Unknown,0.0,0.0,0.0,0.0,0.0,46.372,46.372,1
"West Star Aviation Acquisition, LLC",Industrial/Manufacturing,0.0,0.0,46.202,0.0,0.0,0.0,46.202,1
"Global Lending Services LLC, Private Equity",Unknown,0.0,45.9,0.0,0.0,0.0,0.0,45.9,1
"PlayPower, Inc.",Unknown,0.0,0.0,0.0,0.0,0.0,45.422,45.422,1
Bowery Farming Inc,Unknown,0.0,45.4,0.0,0.0,0.0,0.0,45.4,1
Drogon Bidco Inc. & Drogon Aggregator LP,Other,45.0,0.0,0.0,0.0,0.0,0.0,45.0,1
SitusAMC Holdings Corp,Unknown,0.0,44.3,0.0,0.0,0.0,0.0,44.3,1
Accommodations Plus Technologies LLC and Accommodations Plus Technologies Holdings LLC,Transportation & Logistics,44.3,0.0,0.0,0.0,0.0,0.0,44.3,1
"CQ Fluency, LLC",Other,0.0,0.0,42.896,0.0,0.0,0.0,42.896,1
Cubic Corp,Unknown,0.0,42.8,0.0,0.0,0.0,0.0,42.8,1
"Charps, LLC",Industrial/Manufacturing,0.0,0.0,42.548,0.0,0.0,0.0,42.548,1
Ardonagh Group Ltd,Unknown,0.0,42.5,0.0,0.0,0.0,0.0,42.5,1
"Tedder Industries, LLC",Consumer Products,0.0,0.0,42.474,0.0,0.0,0.0,42.474,1
"Runway Bidco, LLC",Software/Technology,42.4,0.0,0.0,0.0,0.0,0.0,42.4,1
"XIFIN, Inc. and ACP Charger Co-Invest LLC",Hospitality,42.3,0.0,0.0,0.0,0.0,0.0,42.3,1
DOC Generici Srl,Unknown,0.0,42.2,0.0,0.0,0.0,0.0,42.2,1
"Galaxy XV CLO, Ltd.",Unknown,0.0,0.0,0.0,0.0,0.0,41.988,41.988,1
Caldic BV,Unknown,0.0,41.9,0.0,0.0,0.0,0.0,41.9,1
"Brewer Crane Holdings, LLC",Other,0.0,0.0,41.628,0.0,0.0,0.0,41.628,1
Circana Group (f.k.a. NPD Group),Unknown,0.0,41.5,0.0,0.0,0.0,0.0,41.5,1
"The Hiller Companies, LLC",Other,41.5,0.0,0.0,0.0,0.0,0.0,41.5,1
"Research Now Group, LLC and Dynata, LLC",Unknown,0.0,0.0,0.0,0.0,0.0,41.172,41.172,1
"Opendoor Labs Inc, Structured Mezzanine",Unknown,0.0,40.9,0.0,0.0,0.0,0.0,40.9,1
"Edmunds Govtech, Inc.",Software/Technology,40.4,0.0,0.0,0.0,0.0,0.0,40.4,1
Dental365 LLC,Unknown,0.0,40.3,0.0,0.0,0.0,0.0,40.3,1
LBC Woodlands Purchaser LLC and LBC Woodlands Holdings LP,Business Services,39.8,0.0,0.0,0.0,0.0,0.0,39.8,1
"Clad-Rex Steel, LLC",Industrial/Manufacturing,0.0,0.0,39.346,0.0,0.0,0.0,39.346,1
"Dominion Diagnostics, LLC",Unknown,0.0,0.0,0.0,0.0,39.321,0.0,39.321,1
Model N Inc,Unknown,0.0,39.1,0.0,0.0,0.0,0.0,39.1,1
Internet Truckstop Group LLC,Software/Technology,39.1,0.0,0.0,0.0,0.0,0.0,39.1,1
"Octagon Investment Partners XV, Ltd.",Unknown,0.0,0.0,0.0,0.0,0.0,39.096,39.096,1
"Discover Financial Services, Subordinated Loan",Unknown,0.0,38.9,0.0,0.0,0.0,0.0,38.9,1
Alera Group Intermediate Holdings Inc,Unknown,0.0,38.9,0.0,0.0,0.0,0.0,38.9,1
Aareon AG,Unknown,0.0,38.7,0.0,0.0,0.0,0.0,38.7,1
"Project Alpha Intermediate Holding, Inc. and Qlik Parent, Inc.",Software/Technology,38.6,0.0,0.0,0.0,0.0,0.0,38.6,1
Trescal SA,Unknown,0.0,38.6,0.0,0.0,0.0,0.0,38.6,1
"Mako Steel, LP",Industrial/Manufacturing,0.0,0.0,37.946,0.0,0.0,0.0,37.946,1
Constellis Holdings LLC,Unknown,0.0,37.6,0.0,0.0,0.0,0.0,37.6,1
Industry City TI Lessor LP,Unknown,0.0,37.5,0.0,0.0,0.0,0.0,37.5,1
"APG Intermediate Holdings Corporation and APG Holdings, LLC (4)",Software/Technology,37.4,0.0,0.0,0.0,0.0,0.0,37.4,1
"GreenSky Holdings LLC, ABF Equity",Unknown,0.0,37.2,0.0,0.0,0.0,0.0,37.2,1
Civica Group Ltd,Unknown,0.0,36.9,0.0,0.0,0.0,0.0,36.9,1
"Analytical Systems Keco Holdings, LLC",Energy & Utilities,0.0,0.0,36.803,0.0,0.0,0.0,36.803,1
"Nomi Health, Inc.",Software/Technology,36.4,0.0,0.0,0.0,0.0,0.0,36.4,1
"Galaxy XXVIII CLO, Ltd.",Unknown,0.0,0.0,0.0,0.0,0.0,36.154,36.154,1
"W.S. Connelly & Co., LLC and WSC Ultimate Holdings, LLC",Other,36.0,0.0,0.0,0.0,0.0,0.0,36.0,1
"AAC Holdings, Inc.",Other,0.0,0.0,35.948,0.0,0.0,0.0,35.948,1
"Burning Glass Intermediate Holding Company, Inc.",Business Services,0.0,0.0,35.83,0.0,0.0,0.0,35.83,1
"H.M. Dunn Co., Inc., L+875",Unknown,0.0,35.8,0.0,0.0,0.0,0.0,35.8,1
Borrower R365 Holdings LLC,Software/Technology,35.6,0.0,0.0,0.0,0.0,0.0,35.6,1
"Superman Holdings, LLC",Software/Technology,35.4,0.0,0.0,0.0,0.0,0.0,35.4,1
NBG Home,Unknown,0.0,35.4,0.0,0.0,0.0,0.0,35.4,1
Service Express Inc,Unknown,0.0,35.4,0.0,0.0,0.0,0.0,35.4,1
Rodeo AcquisitionCo LLC,Food & Beverage,35.2,0.0,0.0,0.0,0.0,0.0,35.2,1
Higginbotham Insurance Agency Inc,Unknown,0.0,35.2,0.0,0.0,0.0,0.0,35.2,1
"Bobcat Purchaser, LLC and Bobcat Topco, L.P.",Software/Technology,35.0,0.0,0.0,0.0,0.0,0.0,35.0,1
"CP Energy - Spartan Energy Services, Inc.",Unknown,0.0,0.0,0.0,0.0,0.0,34.665,34.665,1
"Global Jet Capital LLC, Structured Mezzanine",Unknown,0.0,34.0,0.0,0.0,0.0,0.0,34.0,1
Rise Baking Company,Unknown,0.0,33.6,0.0,0.0,0.0,0.0,33.6,1
"Datacom, LLC",Software/Technology,0.0,0.0,33.568,0.0,0.0,0.0,33.568,1
"ITA Holdings Group, LLC",Other,0.0,0.0,33.48,0.0,0.0,0.0,33.48,1
"Kings Buyer, LLC",Other,33.4,0.0,0.0,0.0,0.0,0.0,33.4,1
"CIFC Funding 2013-III-R, Ltd.",Unknown,0.0,0.0,0.0,0.0,0.0,33.208,33.208,1
"United Digestive MSO Parent, LLC and Koln Co-Invest Unblocked, LP",Healthcare Services,33.2,0.0,0.0,0.0,0.0,0.0,33.2,1
Excelitas Technologies Corp,Unknown,0.0,33.2,0.0,0.0,0.0,0.0,33.2,1
"Voya CLO 2016-3, Ltd.",Unknown,0.0,0.0,0.0,0.0,0.0,33.112,33.112,1
"Prime St LLC, Structured Mezzanine",Unknown,0.0,33.1,0.0,0.0,0.0,0.0,33.1,1
"Home Partners JV 2, Structured Mezzanine",Unknown,0.0,33.0,0.0,0.0,0.0,0.0,33.0,1
"AQ Sage Buyer, LLC",Business Services,33.0,0.0,0.0,0.0,0.0,0.0,33.0,1
"Capital Automotive LP, ABF Equity",Unknown,0.0,32.9,0.0,0.0,0.0,0.0,32.9,1
"LJP Purchaser, Inc. and LJP Topco, LP",Other,32.8,0.0,0.0,0.0,0.0,0.0,32.8,1
"Empower Payments Investor, LLC",Financial Services,32.8,0.0,0.0,0.0,0.0,0.0,32.8,1
"Capital Automotive LP, Private Equity",Unknown,0.0,32.4,0.0,0.0,0.0,0.0,32.4,1
Wealth Enhancement Group LLC,Unknown,0.0,32.4,0.0,0.0,0.0,0.0,32.4,1
"DTI Holdco, Inc. and OPE DTI Holdings, Inc.",Business Services,32.2,0.0,0.0,0.0,0.0,0.0,32.2,1
"ESHA Research, LLC and RMCF VI CIV XLVIII, L.P.",Software/Technology,31.8,0.0,0.0,0.0,0.0,0.0,31.8,1
Aldinger Company Inc,Other,31.7,0.0,0.0,0.0,0.0,0.0,31.7,1
Area Wide Protective Inc,Unknown,0.0,31.3,0.0,0.0,0.0,0.0,31.3,1
Arcos LLC/VA,Unknown,0.0,31.3,0.0,0.0,0.0,0.0,31.3,1
"MS Private Loan Fund I, LP",Financial Services,0.0,0.0,31.268,0.0,0.0,0.0,31.268,1
"KKR Central Park Leasing Aggregator L.P., Partnership Interest",Unknown,0.0,31.1,0.0,0.0,0.0,0.0,31.1,1
"Avenue One PropCo, Private Equity",Unknown,0.0,31.0,0.0,0.0,0.0,0.0,31.0,1
Rockefeller Capital Management LP,Unknown,0.0,30.9,0.0,0.0,0.0,0.0,30.9,1
"Wealth Enhancement Group, LLC",Financial Services,30.8,0.0,0.0,0.0,0.0,0.0,30.8,1
"Spark Purchaser, Inc.",Software/Technology,30.8,0.0,0.0,0.0,0.0,0.0,30.8,1
Bridge Capital Solutions Corporation,Financial Services,0.0,0.0,30.206,0.0,0.0,0.0,30.206,1
STV Group Inc,Unknown,0.0,30.2,0.0,0.0,0.0,0.0,30.2,1
"Powin Energy Corp/NV, Revolver",Unknown,0.0,30.0,0.0,0.0,0.0,0.0,30.0,1
Careismatic Brands Inc,Unknown,0.0,30.0,0.0,0.0,0.0,0.0,30.0,1
Pure Fishing Inc,Unknown,0.0,30.0,0.0,0.0,0.0,0.0,30.0,1
Sorenson Communications LLC,Unknown,0.0,29.5,0.0,0.0,0.0,0.0,29.5,1
RFS Opco LLC,Financial Services,29.5,0.0,0.0,0.0,0.0,0.0,29.5,1
"Lido Advisors, LLC",Financial Services,29.2,0.0,0.0,0.0,0.0,0.0,29.2,1
Insightsoftware.Com Inc,Unknown,0.0,29.1,0.0,0.0,0.0,0.0,29.1,1
"ATS Operating, LLC",Retail,0.0,0.0,29.06,0.0,0.0,0.0,29.06,1
RA Outdoors LLC,Software/Technology,0.0,0.0,28.824,0.0,0.0,0.0,28.824,1
"PCIA SPV-3, LLC and ASE Royal Aggregator, LLC",Financial Services,28.8,0.0,0.0,0.0,0.0,0.0,28.8,1
"CrossCountry Mortgage, LLC and CrossCountry Holdco, LLC",Financial Services,28.5,0.0,0.0,0.0,0.0,0.0,28.5,1
"CompareNetworks Topco, LLC",Software/Technology,0.0,0.0,28.326,0.0,0.0,0.0,28.326,1
"Viant Medical Holdings, Inc.",Industrial/Manufacturing,27.9,0.0,0.0,0.0,0.0,0.0,27.9,1
"Viper Bidco, Inc.",Software/Technology,27.8,0.0,0.0,0.0,0.0,0.0,27.8,1
Aerin Medical Inc.,Other,27.8,0.0,0.0,0.0,0.0,0.0,27.8,1
"Mills Fleet Farm Group, LLC",Retail,0.0,0.0,27.68,0.0,0.0,0.0,27.68,1
"MSC Income Fund, Inc.",Other,0.0,0.0,26.835,0.0,0.0,0.0,26.835,1
"DP Flores Holdings, LLC",Other,26.7,0.0,0.0,0.0,0.0,0.0,26.7,1
"HealthEdge Software, Inc.",Software/Technology,26.5,0.0,0.0,0.0,0.0,0.0,26.5,1
"UKG Inc. and H&F Unite Partners, L.P.",Software/Technology,26.5,0.0,0.0,0.0,0.0,0.0,26.5,1
"PYE-Barker Fire & Safety, LLC",Other,26.4,0.0,0.0,0.0,0.0,0.0,26.4,1
GI Ranger Intermediate LLC,Software/Technology,26.4,0.0,0.0,0.0,0.0,0.0,26.4,1
Therapy Brands Holdings LLC,Software/Technology,26.2,0.0,0.0,0.0,0.0,0.0,26.2,1
Mercer Advisors Inc,Unknown,0.0,25.9,0.0,0.0,0.0,0.0,25.9,1
"ATX Networks Corp, Common Stock",Unknown,0.0,25.9,0.0,0.0,0.0,0.0,25.9,1
Consilium Safety Group AB,Unknown,0.0,25.8,0.0,0.0,0.0,0.0,25.8,1
"Voya CLO 2012-4, Ltd.",Unknown,0.0,0.0,0.0,0.0,0.0,25.782,25.782,1
"Synergy HomeCare Franchising, LLC and NP/Synergy Holdings, LLC",Other,25.6,0.0,0.0,0.0,0.0,0.0,25.6,1
CLEAResult Consulting Inc,Unknown,0.0,25.6,0.0,0.0,0.0,0.0,25.6,1
"Capstone Logistics Acquisition, Inc.",Unknown,0.0,0.0,0.0,0.0,0.0,25.5,25.5,1
"PDDS HoldCo, Inc.",Software/Technology,25.4,0.0,0.0,0.0,0.0,0.0,25.4,1
"Applied Technical Services, LLC",Industrial/Manufacturing,25.4,0.0,0.0,0.0,0.0,0.0,25.4,1
"American Health Staffing Group, Inc.",Healthcare Services,0.0,0.0,25.398,0.0,0.0,0.0,25.398,1
Duraserv LLC,Other,25.3,0.0,0.0,0.0,0.0,0.0,25.3,1
"Televerde, LLC",Other,0.0,0.0,25.148,0.0,0.0,0.0,25.148,1
"HM Dunn Co Inc, Preferred Stock, Series A",Unknown,0.0,25.1,0.0,0.0,0.0,0.0,25.1,1
"Brainworks Software, LLC",Software/Technology,0.0,0.0,24.912,0.0,0.0,0.0,24.912,1
"Artivion, Inc.",Healthcare Services,24.8,0.0,0.0,0.0,0.0,0.0,24.8,1
Granicus Inc,Unknown,0.0,24.8,0.0,0.0,0.0,0.0,24.8,1
"Smarsh Inc. and Skywalker TopCo, LLC",Software/Technology,24.6,0.0,0.0,0.0,0.0,0.0,24.6,1
"Star Mountain Diversified Credit Income Fund III, LP, Private Equity",Unknown,0.0,24.4,0.0,0.0,0.0,0.0,24.4,1
"Bottomline Technologies, Inc. and Legal Spend Holdings, LLC",Other,24.4,0.0,0.0,0.0,0.0,0.0,24.4,1
"Mini Melts of America, LLC",Other,0.0,0.0,24.256,0.0,0.0,0.0,24.256,1
Assembled Brands Capital LLC,Unknown,0.0,0.0,0.0,0.0,24.163,0.0,24.163,1
"Echo Purchaser, Inc.",Software/Technology,23.8,0.0,0.0,0.0,0.0,0.0,23.8,1
"Carlyle Global Market Strategies CLO 2014-4-R, Ltd.",Unknown,0.0,0.0,0.0,0.0,0.0,23.764,23.764,1
"The Mather Group, LLC, TVG-TMG Topco, Inc., and TVG-TMG Holdings, LLC",Financial Services,23.6,0.0,0.0,0.0,0.0,0.0,23.6,1
GTCR F Buyer Corp. and GTCR (D) Investors LP (15),Software/Technology,23.4,0.0,0.0,0.0,0.0,0.0,23.4,1
"Star Mountain Diversified Credit Income Fund III, LP, ABF Equity",Unknown,0.0,23.4,0.0,0.0,0.0,0.0,23.4,1
"Vehicle Secured Funding Trust, ABF Equity",Unknown,0.0,23.1,0.0,0.0,0.0,0.0,23.1,1
Cadence Education LLC,Unknown,0.0,22.9,0.0,0.0,0.0,0.0,22.9,1
"Barfly Ventures, LLC",Food & Beverage,0.0,0.0,22.844,0.0,0.0,0.0,22.844,1
"Petvisor Holdings, LLC",Software/Technology,22.8,0.0,0.0,0.0,0.0,0.0,22.8,1
"MoneyThumb Acquisition, LLC",Software/Technology,0.0,0.0,22.536,0.0,0.0,0.0,22.536,1
Barings CLO 2018-III,Unknown,0.0,0.0,0.0,0.0,0.0,22.518,22.518,1
Alacrity Solutions Group LLC,Unknown,0.0,22.5,0.0,0.0,0.0,0.0,22.5,1
"SV Newco 2, Inc. and Site 2020 Incorporated",Other,22.5,0.0,0.0,0.0,0.0,0.0,22.5,1
"Rising Tide Holdings, Inc.",Unknown,0.0,0.0,0.0,0.0,0.0,22.476,22.476,1
Romark WM-R Ltd.,Unknown,0.0,0.0,0.0,0.0,0.0,22.346,22.346,1
"Gulf Publishing Holdings, LLC",Media & Entertainment,0.0,0.0,22.218,0.0,0.0,0.0,22.218,1
Cradle Lux Bidco S.A.R.L.,Industrial/Manufacturing,22.0,0.0,0.0,0.0,0.0,0.0,22.0,1
"NAS, LLC and Nationwide Marketing Group, LLC",Software/Technology,22.0,0.0,0.0,0.0,0.0,0.0,22.0,1
Jefferson Mill CLO Ltd.,Unknown,0.0,0.0,0.0,0.0,0.0,21.91,21.91,1
TeamSystem SpA,Unknown,0.0,21.9,0.0,0.0,0.0,0.0,21.9,1
PSC Group,Unknown,0.0,21.7,0.0,0.0,0.0,0.0,21.7,1
"Discover Financial Services, ABF Equity",Unknown,0.0,21.7,0.0,0.0,0.0,0.0,21.7,1
Mountain View CLO IX Ltd.,Unknown,0.0,0.0,0.0,0.0,0.0,21.654,21.654,1
UP Intermediate II LLC and UPBW Blocker LLC,Industrial/Manufacturing,21.4,0.0,0.0,0.0,0.0,0.0,21.4,1
"Galaxy XXVII CLO, Ltd.",Unknown,0.0,0.0,0.0,0.0,0.0,21.316,21.316,1
Avetta LLC,Unknown,0.0,21.2,0.0,0.0,0.0,0.0,21.2,1
"AMCP Clean Acquisition Company, LLC",Other,21.2,0.0,0.0,0.0,0.0,0.0,21.2,1
"NAPCO Precast, LLC",Industrial/Manufacturing,0.0,0.0,20.78,0.0,0.0,0.0,20.78,1
"SM Wellness Holdings, Inc. and SM Holdco, LLC",Other,20.4,0.0,0.0,0.0,0.0,0.0,20.4,1
"Voya CLO 2014-1, Ltd.",Unknown,0.0,0.0,0.0,0.0,0.0,20.38,20.38,1
Octagon Investment Partners 18-R Ltd.,Unknown,0.0,0.0,0.0,0.0,0.0,20.354,20.354,1
"PCS MidCo, Inc. and PCS Parent, L.P.",Software/Technology,20.2,0.0,0.0,0.0,0.0,0.0,20.2,1
"Color Intermediate, LLC",Software/Technology,20.0,0.0,0.0,0.0,0.0,0.0,20.0,1
"Engineered Machinery Holdings, Inc.",Unknown,0.0,0.0,0.0,0.0,0.0,20.0,20.0,1
Kickapoo Ranch Pet Resort,Unknown,0.0,0.0,0.0,0.0,0.0,19.86,19.86,1
Mai Capital Management Intermediate LLC,Financial Services,19.8,0.0,0.0,0.0,0.0,0.0,19.8,1
"Logix Acquisition Company, LLC",Other,0.0,0.0,19.764,0.0,0.0,0.0,19.764,1
Solina France SASU,Unknown,0.0,19.7,0.0,0.0,0.0,0.0,19.7,1
"NCI Inc, Class C Common Stock",Unknown,0.0,19.7,0.0,0.0,0.0,0.0,19.7,1
5 Arch Income Fund 2 LLC,Unknown,0.0,19.5,0.0,0.0,0.0,0.0,19.5,1
"KKR Zeno Aggregator LP (K2 Aviation), Partnership Interest",Unknown,0.0,19.0,0.0,0.0,0.0,0.0,19.0,1
"BDB Holdings, LLC",Food & Beverage,0.0,0.0,18.92,0.0,0.0,0.0,18.92,1
"Artifact Bidco, Inc.",Software/Technology,18.9,0.0,0.0,0.0,0.0,0.0,18.9,1
"HP RSS Buyer, Inc.",Other,18.8,0.0,0.0,0.0,0.0,0.0,18.8,1
"Spirit RR Holdings, Inc. and Winterfell Co-Invest SCSp",Business Services,18.6,0.0,0.0,0.0,0.0,0.0,18.6,1
"One Call Care Management Inc, Preferred Stock A",Unknown,0.0,18.5,0.0,0.0,0.0,0.0,18.5,1
"Aptean, Inc. and Aptean Acquiror Inc.",Software/Technology,18.4,0.0,0.0,0.0,0.0,0.0,18.4,1
"Volusion, LLC",Software/Technology,0.0,0.0,18.206,0.0,0.0,0.0,18.206,1
"Guidepoint Security Holdings, LLC",Software/Technology,18.2,0.0,0.0,0.0,0.0,0.0,18.2,1
PS Operating Company LLC and PS Op Holdings LLC (5),Food & Beverage,18.2,0.0,0.0,0.0,0.0,0.0,18.2,1
Convera International Holdings Limited and Convera International Financial S.A R.L.,Other,18.0,0.0,0.0,0.0,0.0,0.0,18.0,1
Specialty Chemicals & Materials,Unknown,0.0,0.0,0.0,17.798,0.0,0.0,17.798,1
Carrier Fire Protection,Unknown,0.0,17.4,0.0,0.0,0.0,0.0,17.4,1
"Shermco Intermediate Holdings, Inc.",Energy & Utilities,17.4,0.0,0.0,0.0,0.0,0.0,17.4,1
"GULF PACIFIC ACQUISITION, LLC",Other,0.0,0.0,17.322,0.0,0.0,0.0,17.322,1
"Lightbeam Bidco, Inc.",Other,17.2,0.0,0.0,0.0,0.0,0.0,17.2,1
"NRP Jones, LLC",Other,0.0,0.0,17.134,0.0,0.0,0.0,17.134,1
Version1 Software Ltd,Unknown,0.0,17.0,0.0,0.0,0.0,0.0,17.0,1
Optimizely North America Inc. and Optimizely Sweden Holdings AB,Software/Technology,17.0,0.0,0.0,0.0,0.0,0.0,17.0,1
"Icefall Parent, Inc.",Software/Technology,16.7,0.0,0.0,0.0,0.0,0.0,16.7,1
"Lennar Corp, ABF Equity",Unknown,0.0,16.4,0.0,0.0,0.0,0.0,16.4,1
OpenMarket Inc.,Software/Technology,16.1,0.0,0.0,0.0,0.0,0.0,16.1,1
RC V Tecmo Investor LLC,Software/Technology,16.0,0.0,0.0,0.0,0.0,0.0,16.0,1
"Borden (New Dairy Opco), Common Stock",Unknown,0.0,16.0,0.0,0.0,0.0,0.0,16.0,1
"Waverly Advisors, LLC and WAAM Topco, LLC",Financial Services,16.0,0.0,0.0,0.0,0.0,0.0,16.0,1
"Endeavor Bidco LLC and Endeavor TopCo, Inc.",Software/Technology,15.8,0.0,0.0,0.0,0.0,0.0,15.8,1
SAMBA Safety Inc,Unknown,0.0,15.8,0.0,0.0,0.0,0.0,15.8,1
Bloom Fresh International Limited,Unknown,0.0,15.7,0.0,0.0,0.0,0.0,15.7,1
Continental Intermodal Group LP,Unknown,0.0,0.0,0.0,0.0,15.604,0.0,15.604,1
SavATree LLC,Unknown,0.0,15.6,0.0,0.0,0.0,0.0,15.6,1
"My Community Homes PropCo 2, ABF Equity",Unknown,0.0,15.6,0.0,0.0,0.0,0.0,15.6,1
"MS Private Loan Fund II, LP",Financial Services,0.0,0.0,15.568,0.0,0.0,0.0,15.568,1
"Oneliance, LLC",Industrial/Manufacturing,0.0,0.0,15.536,0.0,0.0,0.0,15.536,1
"Conservice Midco, LLC",Software/Technology,15.5,0.0,0.0,0.0,0.0,0.0,15.5,1
LCM XIV Ltd.,Unknown,0.0,0.0,0.0,0.0,0.0,15.398,15.398,1
Carlyle C17 CLO Limited,Unknown,0.0,0.0,0.0,0.0,0.0,15.35,15.35,1
Homrich & Berg Inc,Unknown,0.0,15.3,0.0,0.0,0.0,0.0,15.3,1
"North Haven Stack Buyer, LLC",Other,15.0,0.0,0.0,0.0,0.0,0.0,15.0,1
"Team Public Choices, LLC",Other,0.0,0.0,14.781,0.0,0.0,0.0,14.781,1
"Lennar Corp, Term Loan",Unknown,0.0,14.7,0.0,0.0,0.0,0.0,14.7,1
Rialto Capital Management LLC,Unknown,0.0,14.7,0.0,0.0,0.0,0.0,14.7,1
"The Affiliati Network, LLC",Other,0.0,0.0,14.069,0.0,0.0,0.0,14.069,1
NovaTaste Austria GmbH,Unknown,0.0,14.0,0.0,0.0,0.0,0.0,14.0,1
"QBS Parent, Inc.",Software/Technology,14.0,0.0,0.0,0.0,0.0,0.0,14.0,1
"Heavy Construction Systems Specialists, LLC",Software/Technology,14.0,0.0,0.0,0.0,0.0,0.0,14.0,1
"Forescout Technologies, Inc.",Telecommunications,13.4,0.0,0.0,0.0,0.0,0.0,13.4,1
"Quoizel, LLC",Unknown,0.0,13.3,0.0,0.0,0.0,0.0,13.3,1
"River Aggregates, LLC",Industrial/Manufacturing,0.0,0.0,13.24,0.0,0.0,0.0,13.24,1
"KKR Rocket Loans Aggregator LLC, Partnership Interest",Unknown,0.0,12.6,0.0,0.0,0.0,0.0,12.6,1
NBLY 2021-1 and KKR Nest Co-Invest L.P.,Other,12.1,0.0,0.0,0.0,0.0,0.0,12.1,1
"DriveCentric Holdings, LLC",Software/Technology,12.0,0.0,0.0,0.0,0.0,0.0,12.0,1
"Anaplan, Inc.",Software/Technology,11.8,0.0,0.0,0.0,0.0,0.0,11.8,1
NM CLFX LP,Unknown,0.0,0.0,0.0,11.731,0.0,0.0,11.731,1
"All Web Leads, Inc.",Unknown,0.0,0.0,0.0,0.0,11.515,0.0,11.515,1
CFC Underwriting Ltd,Unknown,0.0,11.5,0.0,0.0,0.0,0.0,11.5,1
"Garreco, LLC",Healthcare Services,0.0,0.0,11.396,0.0,0.0,0.0,11.396,1
"AI Fire Buyer, Inc. and AI Fire Parent LLC",Other,11.3,0.0,0.0,0.0,0.0,0.0,11.3,1
Ping Identity Holding Corp.,Other,11.2,0.0,0.0,0.0,0.0,0.0,11.2,1
"Norway_France, ABF Equity",Unknown,0.0,11.1,0.0,0.0,0.0,0.0,11.1,1
Winter Services LLC,Other,0.0,0.0,10.994,0.0,0.0,0.0,10.994,1
"ADS Tactical, Inc.",Industrial/Manufacturing,0.0,0.0,10.86,0.0,0.0,0.0,10.86,1
Transit Technologies LLC,Software/Technology,10.7,0.0,0.0,0.0,0.0,0.0,10.7,1
Monica Holdco (US) Inc.,Software/Technology,10.4,0.0,0.0,0.0,0.0,0.0,10.4,1
HDC/HW Intermediate Holdings,Other,0.0,0.0,10.229,0.0,0.0,0.0,10.229,1
"Quoizel, LLC, Common Stock",Unknown,0.0,10.2,0.0,0.0,0.0,0.0,10.2,1
"Student Resource Center, LLC",Education,0.0,0.0,10.076,0.0,0.0,0.0,10.076,1
"UserZoom Technologies, Inc.",Software/Technology,5.8,0.0,4.0,0.0,0.0,0.0,9.8,2
"Home Partners JV 2, Private Equity",Unknown,0.0,9.6,0.0,0.0,0.0,0.0,9.6,1
"RMS HoldCo II, LLC & RMS Group Holdings, Inc.",Healthcare Services,9.6,0.0,0.0,0.0,0.0,0.0,9.6,1
"Perigon Wealth Management, LLC, Perigon Wealth Advisors Holdings Company, LLC and CWC Fund I Co-Invest (Prism) LP",Financial Services,9.6,0.0,0.0,0.0,0.0,0.0,9.6,1
Laboratoires Vivacy SAS,Unknown,0.0,9.6,0.0,0.0,0.0,0.0,9.6,1
NM YI LLC,Unknown,0.0,0.0,0.0,9.55,0.0,0.0,9.55,1
"Proserv Acquisition LLC, Class A Preferred Units",Unknown,0.0,9.5,0.0,0.0,0.0,0.0,9.5,1
MAI Capital Management LLC,Unknown,0.0,9.2,0.0,0.0,0.0,0.0,9.2,1
"Drive Revel, ABF Equity",Unknown,0.0,9.1,0.0,0.0,0.0,0.0,9.1,1
"Gulf Manufacturing, LLC",Industrial/Manufacturing,0.0,0.0,9.07,0.0,0.0,0.0,9.07,1
"Coupa Holdings, LLC and Coupa Software Incorporated",Software/Technology,9.0,0.0,0.0,0.0,0.0,0.0,9.0,1
"ASC Interests, LLC",Education,0.0,0.0,8.722,0.0,0.0,0.0,8.722,1
"Synovus Financial Corp, Private Equity",Unknown,0.0,8.4,0.0,0.0,0.0,0.0,8.4,1
Tekfor HoldCo (formerly Amtek Global Technology Pte Ltd),Unknown,0.0,8.3,0.0,0.0,0.0,0.0,8.3,1
"Aduro Advisors, LLC",Other,8.2,0.0,0.0,0.0,0.0,0.0,8.2,1
"RWA Wealth Partners, LLC",Financial Services,8.1,0.0,0.0,0.0,0.0,0.0,8.1,1
"HighTower Holding, LLC",Financial Services,8.0,0.0,0.0,0.0,0.0,0.0,8.0,1
Zellis Holdings Ltd,Unknown,0.0,7.9,0.0,0.0,0.0,0.0,7.9,1
HKA,Unknown,0.0,7.9,0.0,0.0,0.0,0.0,7.9,1
U.S. TelePacific Corp.,Telecommunications,0.0,0.0,7.82,0.0,0.0,0.0,7.82,1
Lifescan Global Corporation,Healthcare Services,7.8,0.0,0.0,0.0,0.0,0.0,7.8,1
"One Call Care Management Inc, Preferred Stock B",Unknown,0.0,7.7,0.0,0.0,0.0,0.0,7.7,1
"Napa Management Services Corporation and ASP NAPA Holdings, LLC",Other,7.6,0.0,0.0,0.0,0.0,0.0,7.6,1
"Saluda Grade Alternative Mortgage Trust 2023-LOC2, Structured Mezzanine",Unknown,0.0,7.5,0.0,0.0,0.0,0.0,7.5,1
"Compex Legal Services, Inc.",Healthcare Services,7.4,0.0,0.0,0.0,0.0,0.0,7.4,1
"Metatiedot Bidco OY and Metatiedot US, LLC",Software/Technology,7.3,0.0,0.0,0.0,0.0,0.0,7.3,1
"KKR Residential Opportunities I LLC, Private Equity",Unknown,0.0,7.3,0.0,0.0,0.0,0.0,7.3,1
Mountain View CLO 2013-I Ltd.,Unknown,0.0,0.0,0.0,0.0,0.0,7.286,7.286,1
Dechra Pharmaceuticals Ltd,Unknown,0.0,7.2,0.0,0.0,0.0,0.0,7.2,1
Arrotex Australia Group Pty Ltd,Unknown,0.0,6.7,0.0,0.0,0.0,0.0,6.7,1
"Dorado Bidco, Inc.",Food & Beverage,6.7,0.0,0.0,0.0,0.0,0.0,6.7,1
Relativity ODA LLC,Software/Technology,6.6,0.0,0.0,0.0,0.0,0.0,6.6,1
"Next Holdco, LLC",Software/Technology,6.5,0.0,0.0,0.0,0.0,0.0,6.5,1
"Constellis Holdings LLC, Private Equity",Unknown,0.0,6.3,0.0,0.0,0.0,0.0,6.3,1
"801 5th Ave, Seattle, Private Equity",Unknown,0.0,6.3,0.0,0.0,0.0,0.0,6.3,1
Accuride Corp,Unknown,0.0,6.2,0.0,0.0,0.0,0.0,6.2,1
"Priority Technology Holdings, Inc.",Financial Services,6.2,0.0,0.0,0.0,0.0,0.0,6.2,1
Valeo Foods Group Ltd,Unknown,0.0,6.1,0.0,0.0,0.0,0.0,6.1,1
"ProfitSolv Purchaser, Inc. and PS Co-Invest, L.P.",Software/Technology,6.1,0.0,0.0,0.0,0.0,0.0,6.1,1
"Wall Street Prep, Inc.",Financial Services,0.0,0.0,5.934,0.0,0.0,0.0,5.934,1
"Petrus Buyer, Inc.",Business Services,5.9,0.0,0.0,0.0,0.0,0.0,5.9,1
"Steward Partners Global Advisory, LLC and Steward Partners Investment Advisory, LLC",Software/Technology,5.8,0.0,0.0,0.0,0.0,0.0,5.8,1
Alpha Financial Markets Consulting PLC,Unknown,0.0,5.8,0.0,0.0,0.0,0.0,5.8,1
"KBHS Acquisition, LLC (d/b/a Alita Care, LLC)",Other,5.8,0.0,0.0,0.0,0.0,0.0,5.8,1
"Bluestem Brands, Inc.",Retail,0.0,0.0,5.763,0.0,0.0,0.0,5.763,1
"Optio Invest, ABF Equity",Unknown,0.0,5.7,0.0,0.0,0.0,0.0,5.7,1
"TPG IX Cardiff CI II, L.P.",Financial Services,5.7,0.0,0.0,0.0,0.0,0.0,5.7,1
Novotech Pty Ltd,Unknown,0.0,5.6,0.0,0.0,0.0,0.0,5.6,1
"BAART Programs, Inc., MedMark Services, Inc., and Canadian Addiction Treatment Centres LP",Other,5.6,0.0,0.0,0.0,0.0,0.0,5.6,1
"Berry Aviation, Inc.",Transportation & Logistics,0.0,0.0,5.52,0.0,0.0,0.0,5.52,1
"Galaxy Universal LLC, Preferred Stock",Unknown,0.0,5.5,0.0,0.0,0.0,0.0,5.5,1
Envirotainer Ltd,Unknown,0.0,5.5,0.0,0.0,0.0,0.0,5.5,1
"Registrar Intermediate, LLC and PSP Registrar Co-Investment Fund, L.P.",Business Services,5.4,0.0,0.0,0.0,0.0,0.0,5.4,1
"VRC Companies, LLC",Other,5.2,0.0,0.0,0.0,0.0,0.0,5.2,1
KPS Global LLC and Cool Group LLC,Other,5.1,0.0,0.0,0.0,0.0,0.0,5.1,1
Ultra Electronics Holdings Ltd,Unknown,0.0,4.9,0.0,0.0,0.0,0.0,4.9,1
CAI Software LLC,Software/Technology,0.0,0.0,4.834,0.0,0.0,0.0,4.834,1
"LivTech Purchaser, Inc.",Software/Technology,4.8,0.0,0.0,0.0,0.0,0.0,4.8,1
"Tectonic Financial, LLC",Financial Services,0.0,0.0,4.72,0.0,0.0,0.0,4.72,1
"Archer Systems, LLC",Other,0.0,0.0,4.68,0.0,0.0,0.0,4.68,1
"Vistar Media, Inc.",Software/Technology,0.0,0.0,4.676,0.0,0.0,0.0,4.676,1
"Harrison Hydra-Gen, Ltd.",Other,0.0,0.0,4.66,0.0,0.0,0.0,4.66,1
IQN Holding Corp.,Software/Technology,4.6,0.0,0.0,0.0,0.0,0.0,4.6,1
"Synovus Financial Corp, ABF Equity",Unknown,0.0,4.6,0.0,0.0,0.0,0.0,4.6,1
"SunPower Financial, ABF Equity",Unknown,0.0,4.6,0.0,0.0,0.0,0.0,4.6,1
"Fuse, LLC",Telecommunications,0.0,0.0,4.504,0.0,0.0,0.0,4.504,1
"SunPower Financial, Private Equity",Unknown,0.0,4.5,0.0,0.0,0.0,0.0,4.5,1
"Comprehensive EyeCare Partners, LLC",Other,4.4,0.0,0.0,0.0,0.0,0.0,4.4,1
"Home Partners JV 2, ABF Equity",Unknown,0.0,4.4,0.0,0.0,0.0,0.0,4.4,1
iNova Pharmaceuticals (Australia) Pty Limited,Unknown,0.0,4.3,0.0,0.0,0.0,0.0,4.3,1
"IV Rollover Holdings, LLC",Software/Technology,4.2,0.0,0.0,0.0,0.0,0.0,4.2,1
"Ziegler’s NYPD, LLC",Food & Beverage,0.0,0.0,4.14,0.0,0.0,0.0,4.14,1
NewStar Clarendon 2014-1A Class D,Unknown,0.0,4.1,0.0,0.0,0.0,0.0,4.1,1
Turnpoint Services Inc,Unknown,0.0,4.1,0.0,0.0,0.0,0.0,4.1,1
Cliffwater LLC,Financial Services,4.0,0.0,0.0,0.0,0.0,0.0,4.0,1
"Advarra Holdings, Inc.",Healthcare Services,4.0,0.0,0.0,0.0,0.0,0.0,4.0,1
"BCTO Ignition Purchaser, Inc.",Software/Technology,4.0,0.0,0.0,0.0,0.0,0.0,4.0,1
"Evolent Health LLC and Evolent Health, Inc.",Software/Technology,4.0,0.0,0.0,0.0,0.0,0.0,4.0,1
"DTE Enterprises, LLC",Industrial/Manufacturing,0.0,0.0,3.964,0.0,0.0,0.0,3.964,1
"Gracent LLC, Preferred Equity",Unknown,0.0,3.8,0.0,0.0,0.0,0.0,3.8,1
"Dynamic Communities, LLC",Software/Technology,0.0,0.0,3.771,0.0,0.0,0.0,3.771,1
"HarbourView CLO VII-R, Ltd.",Unknown,0.0,0.0,0.0,0.0,0.0,3.676,3.676,1
"Wellness AcquisitionCo, Inc.",Business Services,3.6,0.0,0.0,0.0,0.0,0.0,3.6,1
"Convey Health Solutions, Inc.",Software/Technology,3.6,0.0,0.0,0.0,0.0,0.0,3.6,1
"Thermostat Purchaser III, Inc.",Industrial/Manufacturing,3.6,0.0,0.0,0.0,0.0,0.0,3.6,1
"LLFlex, LLC",Industrial/Manufacturing,0.0,0.0,3.316,0.0,0.0,0.0,3.316,1
"Café Brazil, LLC",Food & Beverage,0.0,0.0,3.18,0.0,0.0,0.0,3.18,1
Misys Ltd,Unknown,0.0,3.1,0.0,0.0,0.0,0.0,3.1,1
"Vision Interests, Inc.",Other,0.0,0.0,3.0,0.0,0.0,0.0,3.0,1
"National HME, Inc./NHME Holdings Corp.",Unknown,0.0,0.0,0.0,3.0,0.0,0.0,3.0,1
"GreenSky Holdings LLC, Term Loan",Unknown,0.0,3.0,0.0,0.0,0.0,0.0,3.0,1
"Community Brands ParentCo, LLC",Software/Technology,3.0,0.0,0.0,0.0,0.0,0.0,3.0,1
"Classic H&G Holdings, LLC",Other,0.0,0.0,2.85,0.0,0.0,0.0,2.85,1
"Fronton BV, Common Stock",Unknown,0.0,2.8,0.0,0.0,0.0,0.0,2.8,1
"K&N HoldCo, LLC",Unknown,0.0,0.0,0.0,0.0,0.0,2.79,2.79,1
"Saluda Grade Alternative Mortgage Trust 2022-BC2, Structured Mezzanine",Unknown,0.0,2.7,0.0,0.0,0.0,0.0,2.7,1
"VORTEQ Coil Finishers, LLC",Other,0.0,0.0,2.64,0.0,0.0,0.0,2.64,1
"JW Aluminum Co, Common Stock",Unknown,0.0,2.5,0.0,0.0,0.0,0.0,2.5,1
Asset Based Finance,Unknown,0.0,2.5,0.0,0.0,0.0,0.0,2.5,1
"ATX Networks Corp, Class B-1 Common Stock",Unknown,0.0,2.5,0.0,0.0,0.0,0.0,2.5,1
"American Teleconferencing Services, Ltd.",Other,0.0,0.0,2.462,0.0,0.0,0.0,2.462,1
"Revalize, Inc.",Software/Technology,2.4,0.0,0.0,0.0,0.0,0.0,2.4,1
"Tex Tech Tennis, LLC",Other,0.0,0.0,2.29,0.0,0.0,0.0,2.29,1
Congruent Credit Opportunities Funds,Financial Services,0.0,0.0,2.276,0.0,0.0,0.0,2.276,1
"Drive Revel, Private Equity",Unknown,0.0,2.2,0.0,0.0,0.0,0.0,2.2,1
"ATS Workholding, LLC",Industrial/Manufacturing,0.0,0.0,2.114,0.0,0.0,0.0,2.114,1
"TSS Buyer, LLC",Healthcare Services,2.1,0.0,0.0,0.0,0.0,0.0,2.1,1
"TDC LLP, Private Equity",Unknown,0.0,2.0,0.0,0.0,0.0,0.0,2.0,1
"TDC LLP, ABF Equity",Unknown,0.0,1.9,0.0,0.0,0.0,0.0,1.9,1
"One Call Care Management Inc, Common Stock",Unknown,0.0,1.9,0.0,0.0,0.0,0.0,1.9,1
"SiroMed Physician Services, Inc. and SiroMed Equity Holdings, LLC",Other,1.7,0.0,0.0,0.0,0.0,0.0,1.7,1
Saturn Purchaser Corp.,Transportation & Logistics,1.7,0.0,0.0,0.0,0.0,0.0,1.7,1
"EP Wealth Advisors, LLC",Financial Services,1.6,0.0,0.0,0.0,0.0,0.0,1.6,1
Dalton US Inc.,Other,0.0,0.0,1.52,0.0,0.0,0.0,1.52,1
"Help/Systems Holdings, Inc.",Software/Technology,1.5,0.0,0.0,0.0,0.0,0.0,1.5,1
Boccella Precast Products LLC,Other,0.0,0.0,1.152,0.0,0.0,0.0,1.152,1
"Proserv Acquisition LLC, Class A Common Units",Unknown,0.0,1.1,0.0,0.0,0.0,0.0,1.1,1
"NM GP Holdco, LLC",Unknown,0.0,0.0,0.0,1.048,0.0,0.0,1.048,1
"H.M. Dunn Co., 15%",Unknown,0.0,1.0,0.0,0.0,0.0,0.0,1.0,1
"Galaxy Universal LLC, Trade Claim",Unknown,0.0,1.0,0.0,0.0,0.0,0.0,1.0,1
"BCPE Pequod Buyer, Inc.",Software/Technology,1.0,0.0,0.0,0.0,0.0,0.0,1.0,1
"Perforce Software, Inc.",Software/Technology,1.0,0.0,0.0,0.0,0.0,0.0,1.0,1
"Systems Planning and Analysis, Inc.",Software/Technology,1.0,0.0,0.0,0.0,0.0,0.0,1.0,1
"Optio Invest, Private Equity",Unknown,0.0,1.0,0.0,0.0,0.0,0.0,1.0,1
"Proofpoint, Inc.",Software/Technology,1.0,0.0,0.0,0.0,0.0,0.0,1.0,1
"Quality Lease Service, LLC",Hospitality,0.0,0.0,0.92,0.0,0.0,0.0,0.92,1
"Quorum Health Corp, Trade Claim",Unknown,0.0,0.9,0.0,0.0,0.0,0.0,0.9,1
"ATX Networks Corp, Class B-2 Common Stock",Unknown,0.0,0.8,0.0,0.0,0.0,0.0,0.8,1
"Bambino Group Holdings, LLC",Healthcare Services,0.8,0.0,0.0,0.0,0.0,0.0,0.8,1
SoundCloud Limited,Software/Technology,0.7,0.0,0.0,0.0,0.0,0.0,0.7,1
Angelica Corp,Unknown,0.0,0.7,0.0,0.0,0.0,0.0,0.7,1
"Businessolver.com, Inc.",Software/Technology,0.6,0.0,0.0,0.0,0.0,0.0,0.6,1
"Galaxy Universal LLC, Common Stock",Unknown,0.0,0.5,0.0,0.0,0.0,0.0,0.5,1
"Kilter Finance, ABF Equity",Unknown,0.0,0.5,0.0,0.0,0.0,0.0,0.5,1
"Kilter Finance, Private Equity",Unknown,0.0,0.5,0.0,0.0,0.0,0.0,0.5,1
"CaseWorthy, Inc.",Software/Technology,0.0,0.0,0.49,0.0,0.0,0.0,0.49,1
"Caregiver Services, Inc.",Unknown,0.0,0.0,0.0,0.0,0.432,0.0,0.432,1
"Global Lending Services LLC, Bond",Unknown,0.0,0.3,0.0,0.0,0.0,0.0,0.3,1
Sequel Youth & Family Services LLC,Unknown,0.0,0.3,0.0,0.0,0.0,0.0,0.3,1
R2 Acquisition Corp.,Business Services,0.3,0.0,0.0,0.0,0.0,0.0,0.3,1
Cent CLO 21 Limited,Unknown,0.0,0.0,0.0,0.0,0.0,0.192,0.192,1
"Binswanger Enterprises, LLC",Other,0.0,0.0,0.12,0.0,0.0,0.0,0.12,1
Halcyon Loan Advisors Funding 2015-3 Ltd.,Unknown,0.0,0.0,0.0,0.0,0.0,0.115,0.115,1
"Residential Opportunities I LLC, ABF Equity",Unknown,0.0,0.1,0.0,0.0,0.0,0.0,0.1,1
"Databricks, Inc.",Software/Technology,0.1,0.0,0.0,0.0,0.0,0.0,0.1,1
"The Edelman Financial Center, LLC",Financial Services,0.1,0.0,0.0,0.0,0.0,0.0,0.1,1
"Clarius BIGS, LLC",Business Services,0.0,0.0,0.035,0.0,0.0,0.0,0.035,1
Halcyon Loan Advisors Funding 2014-2 Ltd.,Unknown,0.0,0.0,0.0,0.0,0.0,0.032,0.032,1
NM APP CANADA CORP,Unknown,0.0,0.0,0.0,0.007,0.0,0.0,0.007,1
The Avery,Unknown,0.0,0.0,0.0,0.0,0.0,0.0,0.0,0
"Symphony CLO XIV, Ltd.",Unknown,0.0,0.0,0.0,0.0,0.0,0.0,0.0,0
Poplicus Incorporated,Software/Technology,0.0,0.0,0.0,0.0,0.0,0.0,0.0,0
"Easy Gardener Products, Inc.",Unknown,0.0,0.0,0.0,0.0,0.0,0.0,0.0,0
"Center for Autism and Related Disorders, LLC",Software/Technology,0.0,0.0,0.0,0.0,0.0,0.0,0.0,0
"Prime ST LLC, Private Equity",Unknown,0.0,0.0,0.0,0.0,0.0,0.0,0.0,0
Business Products,Unknown,0.0,0.0,0.0,0.0,0.0,0.0,0.0,0
"Byrider Finance LLC, ABF Equity",Unknown,0.0,0.0,0.0,0.0,0.0,0.0,0.0,0
"Powin Energy Corp/NV, Warrants",Unknown,0.0,0.0,0.0,0.0,0.0,0.0,0.0,0
"Buca C, LLC",Food & Beverage,0.0,0.0,0.0,0.0,0.0,0.0,0.0,0
"Honor Technology, Inc.",Other,0.0,0.0,0.0,0.0,0.0,0.0,0.0,0
"Prime ST LLC, ABF Equity",Unknown,0.0,0.0,0.0,0.0,0.0,0.0,0.0,0
"Rocaceia, LLC (Quality Lease and Rental Holdings, LLC)",Hospitality,0.0,0.0,0.0,0.0,0.0,0.0,0.0,0
"SSE Buyer, Inc., Supply Source Enterprises, Inc., Impact Products LLC, The Safety Zone, LLC and SSE Parent, LP",Industrial/Manufacturing,0.0,0.0,0.0,0.0,0.0,0.0,0.0,0
Unfunded Asset Based Finance Commitments,Unknown,0.0,-441.6,0.0,0.0,0.0,0.0,-441.6,0
Unfunded Loan Commitments,Unknown,0.0,-810.1,0.0,0.0,0.0,0.0,-810.1,0
